<?xml version="1.0" encoding="UTF-8" standalone="yes"?>
<addon id="repository.RayRepo" name="RayFlix Repo" version="1.1" provider-name="Rayflix">
    <extension point="xbmc.addon.repository" name="RayFlix Repo">
        <dir>
            <info compressed="false">http://kodi.prf2.ovh/p3rs0/repo/zips/addons.xml</info>
            <checksum>http://kodi.prf2.ovh/p3rs0/repo/zips/addons.xml.md5</checksum>
            <datadir zip="true">http://kodi.prf2.ovh/p3rs0/repo/zips/</datadir>
        </dir>
    </extension>
    <extension point="xbmc.addon.metadata">
        <summary>RayRepo Alpha Repository</summary>
        <description>Repo de Rayflix</description>
        <disclaimer></disclaimer>
        <platform>all</platform>
        <assets>
            <icon>icon.png</icon>
            <fanart>fanart.jpg</fanart>
        </assets>
    </extension>
</addon>