<?xml version="1.0" encoding="UTF-8" standalone="yes"?>
<addon id="repository.RayDivers" name="RayFlix Divers" version="1.1" provider-name="Rayflix">
    <extension point="xbmc.addon.repository" name="RayFlix Divers">
        <dir>
            <info compressed="false">https://raw.githubusercontent.com/prf2/repo/main/divers/repo/zips/addons.xml</info>
            <checksum>https://raw.githubusercontent.com/prf2/repo/main/divers/repo/zips/addons.xml.md5</checksum>
            <datadir zip="true">https://raw.githubusercontent.com/prf2/repo/main/divers/repo/zips/</datadir>
        </dir>
    </extension>
    <extension point="xbmc.addon.metadata">
        <summary>RayRepo Divers Repository</summary>
        <description>Repo divers Rayflix</description>
        <disclaimer></disclaimer>
        <platform>all</platform>
        <assets>
            <icon>icon.png</icon>
            <fanart>fanart.jpg</fanart>
        </assets>
    </extension>
</addon>