<favourites>
	<favourite name="Canal+" thumb="special://home/userdata/addon_data/plugin.program.super.favourites/icones tv/canal+.png">PlayMedia(&quot;plugin://plugin.video.vavooto/?name=CANAL&amp;sf_options=winID%3D10025%26meta%3Dvotes%253D0%2526title%253DCANAL%2526label%253DCANAL%26_options_sf&quot;)</favourite>
	<favourite name="Canal+ Sport" thumb="special://home/userdata/addon_data/plugin.program.super.favourites/icones tv/canal+ sport.png">PlayMedia(&quot;plugin://plugin.video.vavooto/?name=CANAL+SPORT&amp;sf_options=winID%3D10025%26meta%3Dvotes%253D0%2526title%253DCANAL%252BSPORT%2526label%253DCANAL%252BSPORT%26_options_sf&quot;)</favourite>
	<favourite name="Canal+ Formula 1" thumb="special://home/userdata/addon_data/plugin.program.super.favourites/icones tv/canal+ formule 1.png">PlayMedia(&quot;plugin://plugin.video.vavooto/?name=CANAL%2B+FORMULE+1&amp;sf_options=winID%3D10025%26meta%3Dvotes%253D0%2526title%253DCANAL%25252B%252BFORMULE%252B1%2526label%253DCANAL%25252B%252BFORMULE%252B1%26_options_sf&quot;)</favourite>
	<favourite name="Eurosport 1" thumb="special://home/userdata/addon_data/plugin.program.super.favourites/icones tv/eurosport 1.png">PlayMedia(&quot;plugin://plugin.video.vavooto/?name=EUROSPORT+1&amp;sf_options=winID%3D10025%26meta%3Dvotes%253D0%2526title%253DEUROSPORT%252B1%2526label%253DEUROSPORT%252B1%26_options_sf&quot;)</favourite>
	<favourite name="Eurosport 2" thumb="special://home/userdata/addon_data/plugin.program.super.favourites/icones tv/eurosport 2.png">PlayMedia(&quot;plugin://plugin.video.vavooto/?name=EUROSPORT+2&amp;sf_options=winID%3D10025%26meta%3Dvotes%253D0%2526title%253DEUROSPORT%252B2%2526label%253DEUROSPORT%252B2%26_options_sf&quot;)</favourite>
	<favourite name="Eurosport 360 - 1" thumb="special://home/userdata/addon_data/plugin.program.super.favourites/icones tv/eurosport 360.png">PlayMedia(&quot;plugin://plugin.video.vavooto/?name=EUROSPORT+360+1&amp;sf_options=winID%3D10025%26meta%3Dvotes%253D0%2526title%253DEUROSPORT%252B360%252B1%2526label%253DEUROSPORT%252B360%252B1%26_options_sf&quot;)</favourite>
	<favourite name="Eurosport 360 - 2" thumb="special://home/userdata/addon_data/plugin.program.super.favourites/icones tv/eurosport 360.png">PlayMedia(&quot;plugin://plugin.video.vavooto/?name=EUROSPORT+360+2&amp;sf_options=winID%3D10025%26meta%3Dvotes%253D0%2526title%253DEUROSPORT%252B360%252B2%2526label%253DEUROSPORT%252B360%252B2%26_options_sf&quot;)</favourite>
	<favourite name="EXTREME SPORTS" thumb="special://home/userdata/addon_data/plugin.program.super.favourites/icones tv/extreme sport.png">PlayMedia(&quot;plugin://plugin.video.vavooto/?name=EXTREME+SPORTS&amp;sf_options=winID%3D10025%26meta%3Dvotes%253D0%2526title%253DEXTREME%252BSPORTS%2526label%253DEXTREME%252BSPORTS%26_options_sf&quot;)</favourite>
	<favourite name="INFOSPORT" thumb="special://home/userdata/addon_data/plugin.program.super.favourites/icones tv/infosport.png">PlayMedia(&quot;plugin://plugin.video.vavooto/?name=INFOSPORT&amp;sf_options=winID%3D10025%26meta%3Dvotes%253D0%2526title%253DINFOSPORT%2526label%253DINFOSPORT%26_options_sf&quot;)</favourite>
	<favourite name="RMC Sport 1" thumb="special://home/userdata/addon_data/plugin.program.super.favourites/icones tv/rmc 1.png">PlayMedia(&quot;plugin://plugin.video.vavooto/?name=RMC+SPORT+1&amp;sf_options=winID%3D10025%26meta%3Dvotes%253D0%2526title%253DRMC%252BSPORT%252B1%2526label%253DRMC%252BSPORT%252B1%26_options_sf&quot;)</favourite>
	<favourite name="RMC Sport 2" thumb="special://home/userdata/addon_data/plugin.program.super.favourites/icones tv/rmc 2.png">PlayMedia(&quot;plugin://plugin.video.vavooto/?name=RMC+SPORT+2&amp;sf_options=winID%3D10025%26meta%3Dvotes%253D0%2526title%253DRMC%252BSPORT%252B2%2526label%253DRMC%252BSPORT%252B2%26_options_sf&quot;)</favourite>
	<favourite name="RMC Sport 3" thumb="special://home/userdata/addon_data/plugin.program.super.favourites/icones tv/rmc 3.png">PlayMedia(&quot;plugin://plugin.video.vavooto/?name=RMC+SPORT+3&amp;sf_options=winID%3D10025%26meta%3Dvotes%253D0%2526title%253DRMC%252BSPORT%252B3%2526label%253DRMC%252BSPORT%252B3%26_options_sf&quot;)</favourite>
	<favourite name="beIn Sports 1" thumb="special://home/userdata/addon_data/plugin.program.super.favourites/icones tv/bein sport 1.png">PlayMedia(&quot;plugin://plugin.video.vavooto/?name=BEIN+SPORTS+1&amp;sf_options=winID%3D10025%26meta%3Dvotes%253D0%2526title%253DBEIN%252BSPORTS%252B1%2526label%253DBEIN%252BSPORTS%252B1%26_options_sf&quot;)</favourite>
	<favourite name="beIn Sports 3" thumb="special://home/userdata/addon_data/plugin.program.super.favourites/icones tv/bein sport 3.png">PlayMedia(&quot;plugin://plugin.video.vavooto/?name=BEIN+SPORTS+3&amp;sf_options=winID%3D10025%26meta%3Dvotes%253D0%2526title%253DBEIN%252BSPORTS%252B3%2526label%253DBEIN%252BSPORTS%252B3%26_options_sf&quot;)</favourite>
	<favourite name="beIn Sports MAX 4" thumb="special://home/userdata/addon_data/plugin.program.super.favourites/icones tv/bein sport 4.png">PlayMedia(&quot;plugin://plugin.video.vavooto/?name=BEIN+SPORTS+MAX+4&amp;sf_options=winID%3D10025%26meta%3Dvotes%253D0%2526title%253DBEIN%252BSPORTS%252BMAX%252B4%2526label%253DBEIN%252BSPORTS%252BMAX%252B4%26_options_sf&quot;)</favourite>
	<favourite name="beIn Sports MAX 5" thumb="special://home/userdata/addon_data/plugin.program.super.favourites/icones tv/bein sport 5.png">PlayMedia(&quot;plugin://plugin.video.vavooto/?name=BEIN+SPORTS+MAX+5&amp;sf_options=winID%3D10025%26meta%3Dvotes%253D0%2526title%253DBEIN%252BSPORTS%252BMAX%252B5%2526label%253DBEIN%252BSPORTS%252BMAX%252B5%26_options_sf&quot;)</favourite>
	<favourite name="beIn Sports MAX 6" thumb="special://home/userdata/addon_data/plugin.program.super.favourites/icones tv/bein sport 6.png">PlayMedia(&quot;plugin://plugin.video.vavooto/?name=BEIN+SPORTS+MAX+6&amp;sf_options=winID%3D10025%26meta%3Dvotes%253D0%2526title%253DBEIN%252BSPORTS%252BMAX%252B6%2526label%253DBEIN%252BSPORTS%252BMAX%252B6%26_options_sf&quot;)</favourite>
	<favourite name="beIn Sports MAX 7" thumb="special://home/userdata/addon_data/plugin.program.super.favourites/icones tv/bein sport 7.png">PlayMedia(&quot;plugin://plugin.video.vavooto/?name=BEIN+SPORTS+MAX+7&amp;sf_options=winID%3D10025%26meta%3Dvotes%253D0%2526title%253DBEIN%252BSPORTS%252BMAX%252B7%2526label%253DBEIN%252BSPORTS%252BMAX%252B7%26_options_sf&quot;)</favourite>
	<favourite name="beIn Sports MAX 9" thumb="special://home/userdata/addon_data/plugin.program.super.favourites/icones tv/bein sport 9.png">PlayMedia(&quot;plugin://plugin.video.vavooto/?name=BEIN+SPORTS+MAX+9&amp;sf_options=winID%3D10025%26meta%3Dvotes%253D0%2526title%253DBEIN%252BSPORTS%252BMAX%252B9%2526label%253DBEIN%252BSPORTS%252BMAX%252B9%26_options_sf&quot;)</favourite>
	<favourite name="AMAZON PRIME 1" thumb="special://home/userdata/addon_data/plugin.program.super.favourites/icones tv/prime video.png">PlayMedia(&quot;plugin://plugin.video.vavooto/?name=AMAZON+PRIME+1&amp;sf_options=winID%3D10025%26meta%3Dvotes%253D0%2526title%253DAMAZON%252BPRIME%252B1%2526label%253DAMAZON%252BPRIME%252B1%26_options_sf&quot;)</favourite>
	<favourite name="AMAZON PRIME 2" thumb="special://home/userdata/addon_data/plugin.program.super.favourites/icones tv/prime video.png">PlayMedia(&quot;plugin://plugin.video.vavooto/?name=AMAZON+PRIME+2&amp;sf_options=winID%3D10025%26meta%3Dvotes%253D0%2526title%253DAMAZON%252BPRIME%252B2%2526label%253DAMAZON%252BPRIME%252B2%26_options_sf&quot;)</favourite>
	<favourite name="AMAZON PRIME 3" thumb="special://home/userdata/addon_data/plugin.program.super.favourites/icones tv/prime video.png">PlayMedia(&quot;plugin://plugin.video.vavooto/?name=AMAZON+PRIME+3&amp;sf_options=winID%3D10025%26meta%3Dvotes%253D0%2526title%253DAMAZON%252BPRIME%252B3%2526label%253DAMAZON%252BPRIME%252B3%26_options_sf&quot;)</favourite>
	<favourite name="AMAZON PRIME 4" thumb="special://home/userdata/addon_data/plugin.program.super.favourites/icones tv/prime video.png">PlayMedia(&quot;plugin://plugin.video.vavooto/?name=AMAZON+PRIME+4&amp;sf_options=winID%3D10025%26meta%3Dvotes%253D0%2526title%253DAMAZON%252BPRIME%252B4%2526label%253DAMAZON%252BPRIME%252B4%26_options_sf&quot;)</favourite>
	<favourite name="AMAZON PRIME 5" thumb="special://home/userdata/addon_data/plugin.program.super.favourites/icones tv/prime video.png">PlayMedia(&quot;plugin://plugin.video.vavooto/?name=AMAZON+PRIME+5&amp;sf_options=winID%3D10025%26meta%3Dvotes%253D0%2526title%253DAMAZON%252BPRIME%252B5%2526label%253DAMAZON%252BPRIME%252B5%26_options_sf&quot;)</favourite>
	<favourite name="AMAZON PRIME 10" thumb="special://home/userdata/addon_data/plugin.program.super.favourites/icones tv/prime video.png">PlayMedia(&quot;plugin://plugin.video.vavooto/?name=AMAZON+PRIME+10&amp;sf_options=winID%3D10025%26meta%3Dvotes%253D0%2526title%253DAMAZON%252BPRIME%252B10%2526label%253DAMAZON%252BPRIME%252B10%26_options_sf&quot;)</favourite>
	<favourite name="Canal+ Foot" thumb="special://home/userdata/addon_data/plugin.program.super.favourites/icones tv/canal+ foot.png">PlayMedia(&quot;plugin://plugin.video.vavooto/?name=CANAL%2B+FOOT&amp;sf_options=winID%3D10025%26meta%3Dvotes%253D0%2526title%253DCANAL%25252B%252BFOOT%2526label%253DCANAL%25252B%252BFOOT%26_options_sf&quot;)</favourite>
	<favourite name="Canal+ MotoGP" thumb="special://home/userdata/addon_data/plugin.program.super.favourites/icones tv/canal+ moto gp.png">PlayMedia(&quot;plugin://plugin.video.vavooto/?name=CANAL%2B+MOTOGP&amp;sf_options=winID%3D10025%26meta%3Dvotes%253D0%2526title%253DCANAL%25252B%252BMOTOGP%2526label%253DCANAL%25252B%252BMOTOGP%26_options_sf&quot;)</favourite>
	<favourite name="Canal+ Sport 1" thumb="special://home/userdata/addon_data/plugin.program.super.favourites/icones tv/canal+ sport.png">PlayMedia(&quot;plugin://plugin.video.vavooto/?name=CANAL%2B+SPORT+1&amp;sf_options=winID%3D10025%26meta%3Dvotes%253D0%2526title%253DCANAL%25252B%252BSPORT%252B1%2526label%253DCANAL%25252B%252BSPORT%252B1%26_options_sf&quot;)</favourite>
	<favourite name="Canal+ Sport 3" thumb="special://home/userdata/addon_data/plugin.program.super.favourites/icones tv/canal+ sport 3.png">PlayMedia(&quot;plugin://plugin.video.vavooto/?name=CANAL%2B+SPORT+3&amp;sf_options=winID%3D10025%26meta%3Dvotes%253D0%2526title%253DCANAL%25252B%252BSPORT%252B3%2526label%253DCANAL%25252B%252BSPORT%252B3%26_options_sf&quot;)</favourite>
	<favourite name="Canal+ Sport 4" thumb="special://home/userdata/addon_data/plugin.program.super.favourites/icones tv/canal+ sport 4.png">PlayMedia(&quot;plugin://plugin.video.vavooto/?name=CANAL%2B+SPORT+4&amp;sf_options=winID%3D10025%26meta%3Dvotes%253D0%2526title%253DCANAL%25252B%252BSPORT%252B4%2526label%253DCANAL%25252B%252BSPORT%252B4%26_options_sf&quot;)</favourite>
	<favourite name="Canal+ Sport 5" thumb="special://home/userdata/addon_data/plugin.program.super.favourites/icones tv/canal+ sport 5.png">PlayMedia(&quot;plugin://plugin.video.vavooto/?name=CANAL%2B+SPORT+5&amp;sf_options=winID%3D10025%26meta%3Dvotes%253D0%2526title%253DCANAL%25252B%252BSPORT%252B5%2526label%253DCANAL%25252B%252BSPORT%252B5%26_options_sf&quot;)</favourite>
	<favourite name="Motorsport TV" thumb="special://home/userdata/addon_data/plugin.program.super.favourites/icones tv/motorsport tv.png">PlayMedia(&quot;plugin://plugin.video.vavooto/?name=MOTOSPORT+TV&amp;sf_options=winID%3D10025%26meta%3Dvotes%253D0%2526title%253DMOTOSPORT%252BTV%2526label%253DMOTOSPORT%252BTV%26_options_sf&quot;)</favourite>
	<favourite name="Multisports 1" thumb="special://home/userdata/addon_data/plugin.program.super.favourites/icones tv/multisport 1.png">PlayMedia(&quot;plugin://plugin.video.vavooto/?name=MULTISPORT+1&amp;sf_options=winID%3D10025%26meta%3Dvotes%253D0%2526title%253DMULTISPORT%252B1%2526label%253DMULTISPORT%252B1%26_options_sf&quot;)</favourite>
	<favourite name="Multisports 2" thumb="special://home/userdata/addon_data/plugin.program.super.favourites/icones tv/multisport 2.png">PlayMedia(&quot;plugin://plugin.video.vavooto/?name=MULTISPORT+2&amp;sf_options=winID%3D10025%26meta%3Dvotes%253D0%2526title%253DMULTISPORT%252B2%2526label%253DMULTISPORT%252B2%26_options_sf&quot;)</favourite>
	<favourite name="Multisports 3" thumb="special://home/userdata/addon_data/plugin.program.super.favourites/icones tv/multisport 3.png">PlayMedia(&quot;plugin://plugin.video.vavooto/?name=MULTISPORT+3&amp;sf_options=winID%3D10025%26meta%3Dvotes%253D0%2526title%253DMULTISPORT%252B3%2526label%253DMULTISPORT%252B3%26_options_sf&quot;)</favourite>
	<favourite name="Multisports 4" thumb="special://home/userdata/addon_data/plugin.program.super.favourites/icones tv/multisport 4.png">PlayMedia(&quot;plugin://plugin.video.vavooto/?name=MULTISPORT+4&amp;sf_options=winID%3D10025%26meta%3Dvotes%253D0%2526title%253DMULTISPORT%252B4%2526label%253DMULTISPORT%252B4%26_options_sf&quot;)</favourite>
	<favourite name="Multisports 5" thumb="special://home/userdata/addon_data/plugin.program.super.favourites/icones tv/multisport 5.png">PlayMedia(&quot;plugin://plugin.video.vavooto/?name=MULTISPORT+5&amp;sf_options=winID%3D10025%26meta%3Dvotes%253D0%2526title%253DMULTISPORT%252B5%2526label%253DMULTISPORT%252B5%26_options_sf&quot;)</favourite>
	<favourite name="Multisports 6" thumb="special://home/userdata/addon_data/plugin.program.super.favourites/icones tv/multisport 6.png">PlayMedia(&quot;plugin://plugin.video.vavooto/?name=MULTISPORT+6&amp;sf_options=winID%3D10025%26meta%3Dvotes%253D0%2526title%253DMULTISPORT%252B6%2526label%253DMULTISPORT%252B6%26_options_sf&quot;)</favourite>
	<favourite name="RMC Sport 4" thumb="special://home/userdata/addon_data/plugin.program.super.favourites/icones tv/rmcsport 4.png">PlayMedia(&quot;plugin://plugin.video.vavooto/?name=RMC+SPORT+4&amp;sf_options=winID%3D10025%26meta%3Dvotes%253D0%2526title%253DRMC%252BSPORT%252B4%2526label%253DRMC%252BSPORT%252B4%26_options_sf&quot;)</favourite>
	<favourite name="RMC Sport Live 5" thumb="special://home/userdata/addon_data/plugin.program.super.favourites/icones tv/rmcsport 5.png">PlayMedia(&quot;plugin://plugin.video.vavooto/?name=RMC+SPORT+5&amp;sf_options=winID%3D10025%26meta%3Dvotes%253D0%2526title%253DRMC%252BSPORT%252B5%2526label%253DRMC%252BSPORT%252B5%26_options_sf&quot;)</favourite>
	<favourite name="RMC Sport Live 6" thumb="special://home/userdata/addon_data/plugin.program.super.favourites/icones tv/rmcsport 6.png">PlayMedia(&quot;plugin://plugin.video.vavooto/?name=RMC+SPORT+6&amp;sf_options=winID%3D10025%26meta%3Dvotes%253D0%2526title%253DRMC%252BSPORT%252B6%2526label%253DRMC%252BSPORT%252B6%26_options_sf&quot;)</favourite>
	<favourite name="RMC Sport Live 7" thumb="special://home/userdata/addon_data/plugin.program.super.favourites/icones tv/rmcsport 7.png">PlayMedia(&quot;plugin://plugin.video.vavooto/?name=RMC+SPORT+7&amp;sf_options=winID%3D10025%26meta%3Dvotes%253D0%2526title%253DRMC%252BSPORT%252B7%2526label%253DRMC%252BSPORT%252B7%26_options_sf&quot;)</favourite>
	<favourite name="RMC Sport Live 8" thumb="special://home/userdata/addon_data/plugin.program.super.favourites/icones tv/rmcsport 8.png">PlayMedia(&quot;plugin://plugin.video.vavooto/?name=RMC+SPORT+8&amp;sf_options=winID%3D10025%26meta%3Dvotes%253D0%2526title%253DRMC%252BSPORT%252B8%2526label%253DRMC%252BSPORT%252B8%26_options_sf&quot;)</favourite>
	<favourite name="RMC Sport Live 10" thumb="special://home/userdata/addon_data/plugin.program.super.favourites/icones tv/rmcsport.png">PlayMedia(&quot;plugin://plugin.video.vavooto/?name=RMC+SPORT+10&amp;sf_options=winID%3D10025%26meta%3Dvotes%253D0%2526title%253DRMC%252BSPORT%252B10%2526label%253DRMC%252BSPORT%252B10%26_options_sf&quot;)</favourite>
	<favourite name="RMC Sport Live 11" thumb="special://home/userdata/addon_data/plugin.program.super.favourites/icones tv/rmcsport.png">PlayMedia(&quot;plugin://plugin.video.vavooto/?name=RMC+SPORT+11&amp;sf_options=winID%3D10025%26meta%3Dvotes%253D0%2526title%253DRMC%252BSPORT%252B11%2526label%253DRMC%252BSPORT%252B11%26_options_sf&quot;)</favourite>
	<favourite name="RMC Sport Live 13" thumb="special://home/userdata/addon_data/plugin.program.super.favourites/icones tv/rmcsport.png">PlayMedia(&quot;plugin://plugin.video.vavooto/?name=RMC+SPORT+13&amp;sf_options=winID%3D10025%26meta%3Dvotes%253D0%2526title%253DRMC%252BSPORT%252B13%2526label%253DRMC%252BSPORT%252B13%26_options_sf&quot;)</favourite>
	<favourite name="beIn Sports 2" thumb="special://home/userdata\addon_data\plugin.program.super.favourites\icones tv\bein sport 2.png">PlayMedia(&quot;plugin://plugin.video.vavooto/?name=BEIN+SPORTS+2&amp;sf_options=winID%3D10025%26meta%3Dvotes%253D0%2526title%253DBEIN%252BSPORTS%252B2%2526label%253DBEIN%252BSPORTS%252B2%26_options_sf&quot;)</favourite>
</favourites>