<shortcuts>
	<shortcut>
		<defaultID />
		<label>Recherche</label>
		<label2>Elément personnalisé</label2>
		<icon>DefaultShortcut.png</icon>
		<thumb>special://skin/extras/icons/search.png</thumb>
		<action>ActivateWindow(Videos,"plugin://plugin.video.vstream/?site=cHome&amp;function=showMenuSearch&amp;title=Rechercher&amp;siteUrl=http%3A%2F%2Fvenom&amp;sFav=showMenuSearch",return)</action>
		</shortcut>
	<shortcut>
		<defaultID />
		<label>Films Docs Cinemay</label>
		<label2>Elément personnalisé</label2>
		<icon>DefaultShortcut.png</icon>
		<thumb>special://skin/extras/icons/_ icelandic filmcompanyâ the.png</thumb>
		<action>ActivateWindow(Videos,"plugin://plugin.video.vstream/?site=cinemay_cc&amp;function=showMovies&amp;title=Documentaire&amp;siteUrl=https%3A%2F%2Fcinemay.cc%2Fcategories%2Fdocumentaire&amp;sFav=showMovies",return)</action>
		</shortcut>
	<shortcut>
		<defaultID />
		<label>Films Docs Novaflix</label>
		<label2>Elément personnalisé</label2>
		<icon>DefaultShortcut.png</icon>
		<thumb>special://skin/extras/icons/userrating.png</thumb>
		<action>ActivateWindow(Videos,"plugin://plugin.video.vstream/?site=novaflix&amp;function=showMovies&amp;title=Documentaire&amp;siteUrl=https%3A%2F%2Fwvw.novaflix.io%2Ffilms-streaming%2Fdocumentaire%2F&amp;sFav=showMovies",return)</action>
		</shortcut>
	<shortcut>
		<defaultID />
		<label>Séries Docs Novaflix</label>
		<label2>Elément personnalisé</label2>
		<icon>DefaultShortcut.png</icon>
		<thumb>special://skin/extras/icons/_ revolution sun studios.png</thumb>
		<action>ActivateWindow(Videos,"plugin://plugin.video.vstream/?site=novaflix&amp;function=showMovies&amp;title=Documentaire&amp;siteUrl=https%3A%2F%2Fwvw.novaflix.io%2Fseries-en-streaming%2Fdocumentaire-s%2F&amp;sFav=showMovies",return)</action>
		</shortcut>
	<shortcut>
		<defaultID />
		<label>Séries Docs 01streaming</label>
		<label2>Elément personnalisé</label2>
		<icon>DefaultShortcut.png</icon>
		<thumb>special://skin/extras/icons/userrating.png</thumb>
		<action>ActivateWindow(Videos,"plugin://plugin.video.vstream/?site=o1streaming&amp;function=showMovies&amp;title=Documentaire&amp;siteUrl=https%3A%2F%2F01streaming.stream%2Fgenre%2Fdocumentaire%2F%3Ftype%3Dseries&amp;sFav=showMovies",return)</action>
		</shortcut>
	<shortcut>
		<defaultID />
		<label>Emission tv</label>
		<label2>Elément personnalisé</label2>
		<icon>DefaultShortcut.png</icon>
		<thumb>special://skin/extras/icons/tv.png</thumb>
		<action>ActivateWindow(Videos,"plugin://plugin.video.vstream/?site=o1streaming&amp;function=showMovies&amp;title=Reality&amp;siteUrl=https%3A%2F%2F01streaming.stream%2Fgenre%2Freality%2F%3Ftype%3Dseries&amp;sFav=showMovies",return)</action>
		</shortcut>
	</shortcuts>
