<shortcuts>
	<shortcut>
		<defaultID>recherchefilms-colorlightcoral-genreacteursaga-color</defaultID>
		<label>Recherche</label>
		<label2>Elément personnalisé</label2>
		<icon>special://skin/extras/icons/folder.png</icon>
		<thumb>special://skin/extras/icons/search.png</thumb>
		<action>ActivateWindow(Videos,"plugin://plugin.video.vstream/?site=cHome&amp;function=showMenuSearch&amp;title=Rechercher&amp;siteUrl=http%3A%2F%2Fvenom&amp;sFav=showMenuSearch",return)</action>
		</shortcut>
	<shortcut>
		<defaultID />
		<label>Genres</label>
		<label2>Elément personnalisé</label2>
		<icon>DefaultShortcut.png</icon>
		<thumb>special://skin/extras/icons/_ this is that productions.png</thumb>
		<action>ActivateWindow(Videos,"plugin://plugin.video.vstream/?site=cHome&amp;function=callpluging&amp;title=Films+&amp;siteUrl=MOVIE_GENRES&amp;sFav=callpluging",return)</action>
		</shortcut>
	<shortcut>
		<defaultID />
		<label>Nouveautés</label>
		<label2>Elément personnalisé</label2>
		<icon>DefaultShortcut.png</icon>
		<thumb>special://skin/extras/icons/_ 20th century fox.png</thumb>
		<action>ActivateWindow(Videos,"plugin://plugin.video.vstream/?site=cHome&amp;function=callpluging&amp;title=Films+&amp;siteUrl=MOVIE_NEWS&amp;sFav=callpluging",return)</action>
		</shortcut>
	<shortcut>
		<defaultID />
		<label>Tendances</label>
		<label2>Elément personnalisé</label2>
		<icon>DefaultShortcut.png</icon>
		<thumb>special://skin/extras/icons/_ hartbreak films.png</thumb>
		<action>ActivateWindow(Videos,"plugin://plugin.video.vstream/?site=cHome&amp;function=callpluging&amp;title=Films+&amp;siteUrl=MOVIE_VIEWS&amp;sFav=callpluging",return)</action>
		</shortcut>
	<shortcut>
		<defaultID />
		<label>Films Local</label>
		<label2>Vidéos</label2>
		<icon>DefaultShortcut.png</icon>
		<thumb>special://skin/extras/icons/artist.png</thumb>
		<action>ActivateWindow(Videos,"library://video/movies/",return)</action>
		</shortcut>
	<shortcut>
		<defaultID />
		<label>Films VOD Foxx (ajouter d'abord un compte iptv foxx valide)</label>
		<label2>Elément personnalisé</label2>
		<icon>DefaultShortcut.png</icon>
		<thumb>special://skin/extras/icons/_iptv.png</thumb>
		<action>ActivateWindow(10025,"plugin://plugin.video.sendtokodiU2P/?action=affVod&amp;fourn=http%3a%2f%2fmyf-tv.com%3a8080&amp;numId=68&amp;offset=1&amp;typM=vod",return)</action>
		</shortcut>
	</shortcuts>
