<shortcuts>
	<shortcut>
		<defaultID />
		<label>Recherche</label>
		<label2>Elément personnalisé</label2>
		<icon>DefaultShortcut.png</icon>
		<thumb>special://skin/extras/icons/search.png</thumb>
		<action>ActivateWindow(Videos,"plugin://plugin.video.vstream/?site=cHome&amp;function=showMenuSearch&amp;title=Rechercher&amp;siteUrl=http%3A%2F%2Fvenom&amp;sFav=showMenuSearch",return)</action>
		</shortcut>
	<shortcut>
		<defaultID />
		<label>Humoristes</label>
		<label2>Elément personnalisé</label2>
		<icon>DefaultShortcut.png</icon>
		<thumb>special://skin/extras/icons/person.png</thumb>
		<action>ActivateWindow(Videos,"plugin://plugin.video.vstream/?site=french_stream_com&amp;function=showMovies&amp;title=Spectacle&amp;siteUrl=https%3A%2F%2Fwww.french-streaming.in%2Ffilm-genre%2Fspectacle%2F&amp;sFav=showMovies",return)</action>
		</shortcut>
	</shortcuts>
