<favourites>
	<favourite name="TF1" thumb="special://home/userdata/addon_data/plugin.program.super.favourites/icones tv/tnt/tf1.png">PlayMedia(&quot;plugin://plugin.video.vavooto/?name=TF+1&amp;sf_options=winID%3D10025%26meta%3Dvotes%253D0%2526title%253DTF%252B1%2526label%253DTF%252B1%26_options_sf&quot;)</favourite>
	<favourite name="France 2" thumb="special://home/userdata/addon_data/plugin.program.super.favourites/icones tv/tnt/france 2.png">PlayMedia(&quot;plugin://plugin.video.vavooto/?name=FRANCE+2&amp;sf_options=winID%3D10025%26meta%3Dvotes%253D0%2526title%253DFRANCE%252B2%2526label%253DFRANCE%252B2%26_options_sf&quot;)</favourite>
	<favourite name="France 3" thumb="special://home/userdata/addon_data/plugin.program.super.favourites/icones tv/tnt/france 3.png">PlayMedia(&quot;plugin://plugin.video.vavooto/?name=FRANCE+3&amp;sf_options=winID%3D10025%26meta%3Dvotes%253D0%2526title%253DFRANCE%252B3%2526label%253DFRANCE%252B3%26_options_sf&quot;)</favourite>
	<favourite name="Canal+" thumb="special://home/userdata/addon_data/plugin.program.super.favourites/icones tv/canal+.png">PlayMedia(&quot;plugin://plugin.video.vavooto/?name=CANAL&amp;sf_options=winID%3D10025%26meta%3Dvotes%253D0%2526title%253DCANAL%2526label%253DCANAL%26_options_sf&quot;)</favourite>
	<favourite name="France 5" thumb="special://home/userdata/addon_data/plugin.program.super.favourites/icones tv/tnt/france 5.png">PlayMedia(&quot;plugin://plugin.video.vavooto/?name=FRANCE+5&amp;sf_options=winID%3D10025%26meta%3Dvotes%253D0%2526title%253DFRANCE%252B5%2526label%253DFRANCE%252B5%26_options_sf&quot;)</favourite>
	<favourite name="M6" thumb="special://home/userdata/addon_data/plugin.program.super.favourites/icones tv/tnt/m6.png">PlayMedia(&quot;plugin://plugin.video.vavooto/?name=M6&amp;sf_options=winID%3D10025%26meta%3Dvotes%253D0%2526title%253DM6%2526label%253DM6%26_options_sf&quot;)</favourite>
	<favourite name="Arte" thumb="special://home/userdata/addon_data/plugin.program.super.favourites/icones tv/tnt/arte.png">PlayMedia(&quot;plugin://plugin.video.vavooto/?name=ARTE&amp;sf_options=winID%3D10025%26meta%3Dvotes%253D0%2526title%253DARTE%2526label%253DARTE%26_options_sf&quot;)</favourite>
	<favourite name="C8" thumb="special://home/userdata/addon_data/plugin.program.super.favourites/icones tv/tnt/c8.png">PlayMedia(&quot;plugin://plugin.video.vavooto/?name=C8&amp;sf_options=winID%3D10025%26meta%3Dvotes%253D0%2526title%253DC8%2526label%253DC8%26_options_sf&quot;)</favourite>
	<favourite name="W9" thumb="special://home/userdata/addon_data/plugin.program.super.favourites/icones tv/tnt/w9.png">PlayMedia(&quot;plugin://plugin.video.vavooto/?name=W9&amp;sf_options=winID%3D10025%26meta%3Dvotes%253D0%2526title%253DW9%2526label%253DW9%26_options_sf&quot;)</favourite>
	<favourite name="TMC" thumb="special://home/userdata/addon_data/plugin.program.super.favourites/icones tv/tnt/tmc.png">PlayMedia(&quot;plugin://plugin.video.vavooto/?name=TMC&amp;sf_options=winID%3D10025%26meta%3Dvotes%253D0%2526title%253DTMC%2526label%253DTMC%26_options_sf&quot;)</favourite>
	<favourite name="TFX" thumb="special://home/userdata/addon_data/plugin.program.super.favourites/icones tv/tnt/tfx.png">PlayMedia(&quot;plugin://plugin.video.vavooto/?name=TFX&amp;sf_options=winID%3D10025%26meta%3Dvotes%253D0%2526title%253DTFX%2526label%253DTFX%26_options_sf&quot;)</favourite>
	<favourite name="NRJ12" thumb="special://home/userdata/addon_data/plugin.program.super.favourites/icones tv/tnt/nrj12.png">PlayMedia(&quot;plugin://plugin.video.vavooto/?name=NRJ+12&amp;sf_options=winID%3D10025%26meta%3Dvotes%253D0%2526title%253DNRJ%252B12%2526label%253DNRJ%252B12%26_options_sf&quot;)</favourite>
	<favourite name="LCP" thumb="special://home/userdata/addon_data/plugin.program.super.favourites/icones tv/tnt/lcp.png">PlayMedia(&quot;plugin://plugin.video.vavooto/?name=LCP&amp;sf_options=winID%3D10025%26meta%3Dvotes%253D0%2526title%253DLCP%2526label%253DLCP%26_options_sf&quot;)</favourite>
	<favourite name="France 4" thumb="special://home/userdata/addon_data/plugin.program.super.favourites/icones tv/tnt/france 4.png">PlayMedia(&quot;plugin://plugin.video.vavooto/?name=FRANCE+4&amp;sf_options=winID%3D10025%26meta%3Dvotes%253D0%2526title%253DFRANCE%252B4%2526label%253DFRANCE%252B4%26_options_sf&quot;)</favourite>
	<favourite name="BFM TV" thumb="special://home/userdata/addon_data/plugin.program.super.favourites/icones tv/tnt/bfm tv.png">PlayMedia(&quot;plugin://plugin.video.vavooto/?name=BFM&amp;sf_options=winID%3D10025%26meta%3Dvotes%253D0%2526title%253DBFM%2526label%253DBFM%26_options_sf&quot;)</favourite>
	<favourite name="CStar" thumb="special://home/userdata/addon_data/plugin.program.super.favourites/icones tv/tnt/cstar.png">PlayMedia(&quot;plugin://plugin.video.vavooto/?name=C+STAR&amp;sf_options=winID%3D10025%26meta%3Dvotes%253D0%2526title%253DC%252BSTAR%2526label%253DC%252BSTAR%26_options_sf&quot;)</favourite>
	<favourite name="GULLI" thumb="special://home/userdata/addon_data/plugin.program.super.favourites/icones tv/tnt/gulli.png">PlayMedia(&quot;plugin://plugin.video.vavooto/?name=GULLI&amp;sf_options=winID%3D10025%26meta%3Dvotes%253D0%2526title%253DGULLI%2526label%253DGULLI%26_options_sf&quot;)</favourite>
	<favourite name="France O" thumb="special://home/userdata/addon_data/plugin.program.super.favourites/icones tv/tnt/franceo.png">PlayMedia(&quot;plugin://plugin.video.vavooto/?name=FRANCE+O&amp;sf_options=winID%3D10025%26meta%3Dvotes%253D0%2526title%253DFRANCE%252BO%2526label%253DFRANCE%252BO%26_options_sf&quot;)</favourite>
	<favourite name="TF1 Series Films" thumb="special://home/userdata/addon_data/plugin.program.super.favourites/icones tv/tnt/tf1 series.png">PlayMedia(&quot;plugin://plugin.video.vavooto/?name=TF+1+SERIES+FILMS&amp;sf_options=winID%3D10025%26meta%3Dvotes%253D0%2526title%253DTF%252B1%252BSERIES%252BFILMS%2526label%253DTF%252B1%252BSERIES%252BFILMS%26_options_sf&quot;)</favourite>
	<favourite name="L&apos;Equipe TV" thumb="special://home/userdata/addon_data/plugin.program.super.favourites/icones tv/tnt/l&apos;equipe.png">PlayMedia(&quot;plugin://plugin.video.vavooto/?name=L+EQUIPE&amp;sf_options=winID%3D10025%26meta%3Dvotes%253D0%2526title%253DL%252BEQUIPE%2526label%253DL%252BEQUIPE%26_options_sf&quot;)</favourite>
	<favourite name="6ter" thumb="special://home/userdata/addon_data/plugin.program.super.favourites/icones tv/tnt/6ter.png">PlayMedia(&quot;plugin://plugin.video.vavooto/?name=6+TER&amp;sf_options=winID%3D10025%26meta%3Dvotes%253D0%2526title%253D6%252BTER%2526label%253D6%252BTER%26_options_sf&quot;)</favourite>
	<favourite name="Numero 23" thumb="special://home/userdata/addon_data/plugin.program.super.favourites/icones tv/tnt/numero 23.png">PlayMedia(&quot;plugin://plugin.video.vavooto/?name=NUMERO+23&amp;sf_options=winID%3D10025%26meta%3Dvotes%253D0%2526title%253DNUMERO%252B23%2526label%253DNUMERO%252B23%26_options_sf&quot;)</favourite>
	<favourite name="RMC Découverte" thumb="special://home/userdata/addon_data/plugin.program.super.favourites/icones tv/tnt/rmc decouverte.png">PlayMedia(&quot;plugin://plugin.video.vavooto/?name=RMC+DECOUVERTE&amp;sf_options=winID%3D10025%26meta%3Dvotes%253D0%2526title%253DRMC%252BDECOUVERTE%2526label%253DRMC%252BDECOUVERTE%26_options_sf&quot;)</favourite>
	<favourite name="RMC Story" thumb="special://home/userdata/addon_data/plugin.program.super.favourites/icones tv/tnt/rmc story.png">PlayMedia(&quot;plugin://plugin.video.vavooto/?name=RMC+STORY&amp;sf_options=winID%3D10025%26meta%3Dvotes%253D0%2526title%253DRMC%252BSTORY%2526label%253DRMC%252BSTORY%26_options_sf&quot;)</favourite>
	<favourite name="Cherie 25" thumb="special://home/userdata/addon_data/plugin.program.super.favourites/icones tv/tnt/cherie 25.png">PlayMedia(&quot;plugin://plugin.video.vavooto/?name=CHERIE+25&amp;sf_options=winID%3D10025%26meta%3Dvotes%253D0%2526title%253DCHERIE%252B25%2526label%253DCHERIE%252B25%26_options_sf&quot;)</favourite>
	<favourite name="LCI" thumb="special://home/userdata/addon_data/plugin.program.super.favourites/icones tv/tnt/lci.png">PlayMedia(&quot;plugin://plugin.video.vavooto/?name=LCI&amp;sf_options=winID%3D10025%26meta%3Dvotes%253D0%2526title%253DLCI%2526label%253DLCI%26_options_sf&quot;)</favourite>
	<favourite name="France Info" thumb="special://home/userdata/addon_data/plugin.program.super.favourites/icones tv/tnt/france info.png">PlayMedia(&quot;plugin://plugin.video.vavooto/?name=FRANCEINFO&amp;sf_options=winID%3D10025%26meta%3Dvotes%253D0%2526title%253DFRANCEINFO%2526label%253DFRANCEINFO%26_options_sf&quot;)</favourite>
</favourites>