<favourites>
	<favourite name="Canal+" thumb="special://home/userdata/addon_data/plugin.program.super.favourites/icones tv/canal+.png">PlayMedia(&quot;plugin://plugin.video.vavooto/?name=CANAL&amp;sf_options=winID%3D10025%26meta%3Dvotes%253D0%2526title%253DCANAL%2526label%253DCANAL%26_options_sf&quot;)</favourite>
	<favourite name="CANAL SPORT" thumb="special://home/userdata/addon_data/plugin.program.super.favourites/icones tv/canal+ sport.png">PlayMedia(&quot;plugin://plugin.video.vavooto/?name=CANAL+SPORT&amp;sf_options=winID%3D10025%26meta%3Dvotes%253D0%2526title%253DCANAL%252BSPORT%2526label%253DCANAL%252BSPORT%26_options_sf&quot;)</favourite>
	<favourite name="Canal+ Cinema" thumb="special://home/userdata/addon_data/plugin.program.super.favourites/icones tv/canal+ cinema.png">PlayMedia(&quot;plugin://plugin.video.vavooto/?name=CANAL%2B+CINEMA&amp;sf_options=winID%3D10025%26meta%3Dvotes%253D0%2526title%253DCANAL%25252B%252BCINEMA%2526label%253DCANAL%25252B%252BCINEMA%26_options_sf&quot;)</favourite>
	<favourite name="Canal+ Decale" thumb="special://home/userdata/addon_data/plugin.program.super.favourites/icones tv/canal+decale.png">PlayMedia(&quot;plugin://plugin.video.vavooto/?name=CANAL%2B+DECALE&amp;sf_options=winID%3D10025%26meta%3Dvotes%253D0%2526title%253DCANAL%25252B%252BDECALE%2526label%253DCANAL%25252B%252BDECALE%26_options_sf&quot;)</favourite>
	<favourite name="CANAL+ SPORT 360" thumb="special://home/userdata/addon_data/plugin.program.super.favourites/icones tv/canal+ sport 360.png">PlayMedia(&quot;plugin://plugin.video.vavooto/?name=CANAL%2B+SPORT+360&amp;sf_options=winID%3D10025%26meta%3Dvotes%253D0%2526title%253DCANAL%25252B%252BSPORT%252B360%2526label%253DCANAL%25252B%252BSPORT%252B360%26_options_sf&quot;)</favourite>
	<favourite name="Canal+ Series" thumb="special://home/userdata/addon_data/plugin.program.super.favourites/icones tv/canal+series.png">PlayMedia(&quot;plugin://plugin.video.vavooto/?name=CANAL%2B+SERIES&amp;sf_options=winID%3D10025%26meta%3Dvotes%253D0%2526title%253DCANAL%25252B%252BSERIES%2526label%253DCANAL%25252B%252BSERIES%26_options_sf&quot;)</favourite>
	<favourite name="CANAL+ FAMILY" thumb="special://home/userdata/addon_data/plugin.program.super.favourites/icones tv/cine famiz .png">PlayMedia(&quot;plugin://plugin.video.vavooto/?name=CANAL%2B+FAMILY&amp;sf_options=winID%3D10025%26meta%3Dvotes%253D0%2526title%253DCANAL%25252B%252BFAMILY%2526label%253DCANAL%25252B%252BFAMILY%26_options_sf&quot;)</favourite>
	<favourite name="CANAL SAVOIR" thumb="special://home/userdata/addon_data/plugin.program.super.favourites/icones tv/canal savoir.png">PlayMedia(&quot;plugin://plugin.video.vavooto/?name=CANAL+SAVOIR&amp;sf_options=winID%3D10025%26meta%3Dvotes%253D0%2526title%253DCANAL%252BSAVOIR%2526label%253DCANAL%252BSAVOIR%26_options_sf&quot;)</favourite>
	<favourite name="Canal+ Docs" thumb="special://home/userdata/addon_data/plugin.program.super.favourites/icones tv/canal+doc.png">PlayMedia(&quot;plugin://plugin.video.vavooto/?name=CANAL+D&amp;sf_options=winID%3D10025%26meta%3Dvotes%253D0%2526title%253DCANAL%252BD%2526label%253DCANAL%252BD%26_options_sf&quot;)</favourite>
	<favourite name="CANAL+ FOOT" thumb="special://home/userdata/addon_data/plugin.program.super.favourites/icones tv/canal+ foot.png">PlayMedia(&quot;plugin://plugin.video.vavooto/?name=CANAL%2B+FOOT&amp;sf_options=winID%3D10025%26meta%3Dvotes%253D0%2526title%253DCANAL%25252B%252BFOOT%2526label%253DCANAL%25252B%252BFOOT%26_options_sf&quot;)</favourite>
</favourites>