<favourites>
	<favourite name="CANAL PLAY 2" thumb="special://home/userdata/addon_data/plugin.program.super.favourites/icones tv/canal play.png">PlayMedia(&quot;plugin://plugin.video.vavooto/?name=CANAL+PLAY+2&amp;sf_options=winID%3D10025%26meta%3Dvotes%253D0%2526title%253DCANAL%252BPLAY%252B2%2526label%253DCANAL%252BPLAY%252B2%26_options_sf&quot;)</favourite>
	<favourite name="CANAL PLAY 3" thumb="special://home/userdata/addon_data/plugin.program.super.favourites/icones tv/canal play.png">PlayMedia(&quot;plugin://plugin.video.vavooto/?name=CANAL+PLAY+3&amp;sf_options=winID%3D10025%26meta%3Dvotes%253D0%2526title%253DCANAL%252BPLAY%252B3%2526label%253DCANAL%252BPLAY%252B3%26_options_sf&quot;)</favourite>
	<favourite name="CANAL PLAY 4" thumb="special://home/userdata/addon_data/plugin.program.super.favourites/icones tv/canal play.png">PlayMedia(&quot;plugin://plugin.video.vavooto/?name=CANAL+PLAY+4&amp;sf_options=winID%3D10025%26meta%3Dvotes%253D0%2526title%253DCANAL%252BPLAY%252B4%2526label%253DCANAL%252BPLAY%252B4%26_options_sf&quot;)</favourite>
	<favourite name="CANAL PLAY 5" thumb="special://home/userdata/addon_data/plugin.program.super.favourites/icones tv/canal play.png">PlayMedia(&quot;plugin://plugin.video.vavooto/?name=CANAL+PLAY+5&amp;sf_options=winID%3D10025%26meta%3Dvotes%253D0%2526title%253DCANAL%252BPLAY%252B5%2526label%253DCANAL%252BPLAY%252B5%26_options_sf&quot;)</favourite>
	<favourite name="CANAL PLAY 6" thumb="special://home/userdata/addon_data/plugin.program.super.favourites/icones tv/canal play.png">PlayMedia(&quot;plugin://plugin.video.vavooto/?name=CANAL+PLAY+6&amp;sf_options=winID%3D10025%26meta%3Dvotes%253D0%2526title%253DCANAL%252BPLAY%252B6%2526label%253DCANAL%252BPLAY%252B6%26_options_sf&quot;)</favourite>
	<favourite name="CANAL PLAY 7" thumb="special://home/userdata/addon_data/plugin.program.super.favourites/icones tv/canal play.png">PlayMedia(&quot;plugin://plugin.video.vavooto/?name=CANAL+PLAY+7&amp;sf_options=winID%3D10025%26meta%3Dvotes%253D0%2526title%253DCANAL%252BPLAY%252B7%2526label%253DCANAL%252BPLAY%252B7%26_options_sf&quot;)</favourite>
	<favourite name="CANAL PLAY 8" thumb="special://home/userdata/addon_data/plugin.program.super.favourites/icones tv/canal play.png">PlayMedia(&quot;plugin://plugin.video.vavooto/?name=CANAL+PLAY+8&amp;sf_options=winID%3D10025%26meta%3Dvotes%253D0%2526title%253DCANAL%252BPLAY%252B8%2526label%253DCANAL%252BPLAY%252B8%26_options_sf&quot;)</favourite>
	<favourite name="CANAL PLAY 9" thumb="special://home/userdata/addon_data/plugin.program.super.favourites/icones tv/canal play.png">PlayMedia(&quot;plugin://plugin.video.vavooto/?name=CANAL+PLAY+9&amp;sf_options=winID%3D10025%26meta%3Dvotes%253D0%2526title%253DCANAL%252BPLAY%252B9%2526label%253DCANAL%252BPLAY%252B9%26_options_sf&quot;)</favourite>
	<favourite name="CANAL PLAY 10" thumb="special://home/userdata/addon_data/plugin.program.super.favourites/icones tv/canal play.png">PlayMedia(&quot;plugin://plugin.video.vavooto/?name=CANAL+PLAY+10&amp;sf_options=winID%3D10025%26meta%3Dvotes%253D0%2526title%253DCANAL%252BPLAY%252B10%2526label%253DCANAL%252BPLAY%252B10%26_options_sf&quot;)</favourite>
	<favourite name="CANAL PLAY 11" thumb="special://home/userdata/addon_data/plugin.program.super.favourites/icones tv/canal play.png">PlayMedia(&quot;plugin://plugin.video.vavooto/?name=CANAL+PLAY+11&amp;sf_options=winID%3D10025%26meta%3Dvotes%253D0%2526title%253DCANAL%252BPLAY%252B11%2526label%253DCANAL%252BPLAY%252B11%26_options_sf&quot;)</favourite>
	<favourite name="CANAL PLAY 12" thumb="special://home/userdata/addon_data/plugin.program.super.favourites/icones tv/canal play.png">PlayMedia(&quot;plugin://plugin.video.vavooto/?name=CANAL+PLAY+12&amp;sf_options=winID%3D10025%26meta%3Dvotes%253D0%2526title%253DCANAL%252BPLAY%252B12%2526label%253DCANAL%252BPLAY%252B12%26_options_sf&quot;)</favourite>
	<favourite name="CANAL PLAY 13" thumb="special://home/userdata/addon_data/plugin.program.super.favourites/icones tv/canal play.png">PlayMedia(&quot;plugin://plugin.video.vavooto/?name=CANAL+PLAY+13&amp;sf_options=winID%3D10025%26meta%3Dvotes%253D0%2526title%253DCANAL%252BPLAY%252B13%2526label%253DCANAL%252BPLAY%252B13%26_options_sf&quot;)</favourite>
	<favourite name="CANAL PLAY 14" thumb="special://home/userdata/addon_data/plugin.program.super.favourites/icones tv/canal play.png">PlayMedia(&quot;plugin://plugin.video.vavooto/?name=CANAL+PLAY+14&amp;sf_options=winID%3D10025%26meta%3Dvotes%253D0%2526title%253DCANAL%252BPLAY%252B14%2526label%253DCANAL%252BPLAY%252B14%26_options_sf&quot;)</favourite>
	<favourite name="CANAL PLAY 15" thumb="special://home/userdata/addon_data/plugin.program.super.favourites/icones tv/canal play.png">PlayMedia(&quot;plugin://plugin.video.vavooto/?name=CANAL+PLAY+15&amp;sf_options=winID%3D10025%26meta%3Dvotes%253D0%2526title%253DCANAL%252BPLAY%252B15%2526label%253DCANAL%252BPLAY%252B15%26_options_sf&quot;)</favourite>
	<favourite name="CANAL PLAY 16" thumb="special://home/userdata/addon_data/plugin.program.super.favourites/icones tv/canal play.png">PlayMedia(&quot;plugin://plugin.video.vavooto/?name=CANAL+PLAY+16&amp;sf_options=winID%3D10025%26meta%3Dvotes%253D0%2526title%253DCANAL%252BPLAY%252B16%2526label%253DCANAL%252BPLAY%252B16%26_options_sf&quot;)</favourite>
	<favourite name="CANAL PLAY 17" thumb="special://home/userdata/addon_data/plugin.program.super.favourites/icones tv/canal play.png">PlayMedia(&quot;plugin://plugin.video.vavooto/?name=CANAL+PLAY+17&amp;sf_options=winID%3D10025%26meta%3Dvotes%253D0%2526title%253DCANAL%252BPLAY%252B17%2526label%253DCANAL%252BPLAY%252B17%26_options_sf&quot;)</favourite>
	<favourite name="CANAL PLAY 18" thumb="special://home/userdata/addon_data/plugin.program.super.favourites/icones tv/canal play.png">PlayMedia(&quot;plugin://plugin.video.vavooto/?name=CANAL+PLAY+18&amp;sf_options=winID%3D10025%26meta%3Dvotes%253D0%2526title%253DCANAL%252BPLAY%252B18%2526label%253DCANAL%252BPLAY%252B18%26_options_sf&quot;)</favourite>
	<favourite name="Polar+" thumb="special://home/userdata/addon_data/plugin.program.super.favourites/icones tv/cine polar.png">PlayMedia(&quot;plugin://plugin.video.vavooto/?name=CIN+POLAR&amp;sf_options=winID%3D10025%26meta%3Dvotes%253D0%2526title%253DCIN%252BPOLAR%2526label%253DCIN%252BPOLAR%26_options_sf&quot;)</favourite>
	<favourite name="Ciné+ Premier" thumb="special://home/userdata/addon_data/plugin.program.super.favourites/icones tv/cine premier.png">PlayMedia(&quot;plugin://plugin.video.vavooto/?name=CINA%2B+PREMIER&amp;sf_options=winID%3D10025%26meta%3Dvotes%253D0%2526title%253DCINA%25252B%252BPREMIER%2526label%253DCINA%25252B%252BPREMIER%26_options_sf&quot;)</favourite>
	<favourite name="Ciné+ Club" thumb="special://home/userdata/addon_data/plugin.program.super.favourites/icones tv/cine club.png">PlayMedia(&quot;plugin://plugin.video.vavooto/?name=CINE+CLUB&amp;sf_options=winID%3D10025%26meta%3Dvotes%253D0%2526title%253DCINE%252BCLUB%2526label%253DCINE%252BCLUB%26_options_sf&quot;)</favourite>
	<favourite name="Ciné+ Emotion" thumb="special://home/userdata/addon_data/plugin.program.super.favourites/icones tv/cine emotion.png">PlayMedia(&quot;plugin://plugin.video.vavooto/?name=CINE+EMOTION&amp;sf_options=winID%3D10025%26meta%3Dvotes%253D0%2526title%253DCINE%252BEMOTION%2526label%253DCINE%252BEMOTION%26_options_sf&quot;)</favourite>
	<favourite name="Ciné+ Famiz" thumb="special://home/userdata/addon_data/plugin.program.super.favourites/icones tv/cine famiz .png">PlayMedia(&quot;plugin://plugin.video.vavooto/?name=CINE+FAMIZ&amp;sf_options=winID%3D10025%26meta%3Dvotes%253D0%2526title%253DCINE%252BFAMIZ%2526label%253DCINE%252BFAMIZ%26_options_sf&quot;)</favourite>
	<favourite name="Ciné+ Frisson" thumb="special://home/userdata/addon_data/plugin.program.super.favourites/icones tv/cine frisson.png">PlayMedia(&quot;plugin://plugin.video.vavooto/?name=CINE+FRISSON&amp;sf_options=winID%3D10025%26meta%3Dvotes%253D0%2526title%253DCINE%252BFRISSON%2526label%253DCINE%252BFRISSON%26_options_sf&quot;)</favourite>
	<favourite name="CINE FX" thumb="special://home/userdata/addon_data/plugin.program.super.favourites/icones tv/cine fx.png">PlayMedia(&quot;plugin://plugin.video.vavooto/?name=CINE+FX&amp;sf_options=winID%3D10025%26meta%3Dvotes%253D0%2526title%253DCINE%252BFX%2526label%253DCINE%252BFX%26_options_sf&quot;)</favourite>
	<favourite name="CINE MAX" thumb="special://home/userdata/addon_data/plugin.program.super.favourites/icones tv/cinemax.png">PlayMedia(&quot;plugin://plugin.video.vavooto/?name=CINE+MAX&amp;sf_options=winID%3D10025%26meta%3Dvotes%253D0%2526title%253DCINE%252BMAX%2526label%253DCINE%252BMAX%26_options_sf&quot;)</favourite>
	<favourite name="OCS FRANCEBOX 1" thumb="special://home/userdata/addon_data/plugin.program.super.favourites/icones tv/ocs.png">PlayMedia(&quot;plugin://plugin.video.vavooto/?name=OCS+FRANCEBOX+1&amp;sf_options=winID%3D10025%26meta%3Dvotes%253D0%2526title%253DOCS%252BFRANCEBOX%252B1%2526label%253DOCS%252BFRANCEBOX%252B1%26_options_sf&quot;)</favourite>
	<favourite name="OCS FRANCEBOX 2" thumb="special://home/userdata/addon_data/plugin.program.super.favourites/icones tv/ocs.png">PlayMedia(&quot;plugin://plugin.video.vavooto/?name=OCS+FRANCEBOX+2&amp;sf_options=winID%3D10025%26meta%3Dvotes%253D0%2526title%253DOCS%252BFRANCEBOX%252B2%2526label%253DOCS%252BFRANCEBOX%252B2%26_options_sf&quot;)</favourite>
	<favourite name="OCS FRANCEBOX 3" thumb="special://home/userdata/addon_data/plugin.program.super.favourites/icones tv/ocs.png">PlayMedia(&quot;plugin://plugin.video.vavooto/?name=OCS+FRANCEBOX+3&amp;sf_options=winID%3D10025%26meta%3Dvotes%253D0%2526title%253DOCS%252BFRANCEBOX%252B3%2526label%253DOCS%252BFRANCEBOX%252B3%26_options_sf&quot;)</favourite>
	<favourite name="OCS FRANCEBOX 4" thumb="special://home/userdata/addon_data/plugin.program.super.favourites/icones tv/ocs.png">PlayMedia(&quot;plugin://plugin.video.vavooto/?name=OCS+FRANCEBOX+4&amp;sf_options=winID%3D10025%26meta%3Dvotes%253D0%2526title%253DOCS%252BFRANCEBOX%252B4%2526label%253DOCS%252BFRANCEBOX%252B4%26_options_sf&quot;)</favourite>
	<favourite name="OCS FRANCEBOX 5" thumb="special://home/userdata/addon_data/plugin.program.super.favourites/icones tv/ocs.png">PlayMedia(&quot;plugin://plugin.video.vavooto/?name=OCS+FRANCEBOX+5&amp;sf_options=winID%3D10025%26meta%3Dvotes%253D0%2526title%253DOCS%252BFRANCEBOX%252B5%2526label%253DOCS%252BFRANCEBOX%252B5%26_options_sf&quot;)</favourite>
	<favourite name="OCS Max" thumb="special://home/userdata/addon_data/plugin.program.super.favourites/icones tv/ocs max.png">PlayMedia(&quot;plugin://plugin.video.vavooto/?name=OCS+MAX&amp;sf_options=winID%3D10025%26meta%3Dvotes%253D0%2526title%253DOCS%252BMAX%2526label%253DOCS%252BMAX%26_options_sf&quot;)</favourite>
</favourites>