<?xml version="1.0" encoding="UTF-8" standalone="yes"?>
<addon id="plugin.program.skinrayflix" version="2.0.3" name="Skin Rayflix" provider-name="Rayflix, Noway, Osmoze06">
	<requires>
		<import addon="script.module.requests" />
	</requires>
    <extension point="xbmc.python.pluginsource" library="default.py">
        <provides>executable</provides>
    </extension>
    <extension point="xbmc.addon.metadata">
        <summary lang="en">Skin Rayflix</summary>
        <description lang="en">Packages de Skin réalisé par Rayflix sur la monture du skin "Project Aura".</description>
        <disclaimer lang="en">En cas de bugs, propositions d'améliorations ou ajout de contenus, contactez-nous sur Discord.</disclaimer>
        <language>en</language>
        <platform>all</platform>
        <forum></forum>
        <website></website>
        <source></source>
    <news>
VERSION 2.0.0 - 27/04/2022
    </news>		
        <assets>
            <icon>icon.png</icon>
            <fanart>fanart.jpg</fanart>
        </assets>		
    </extension>
</addon>
