<?xml version="1.0" encoding="utf-8"?>
<window>
	<allowoverlay>no</allowoverlay>
	<coordinates>
		<system>1</system>
		<posx>0</posx>
		<posy>170</posy>
	</coordinates>
	<controls>
        <control type="image">
            <description>workaround for texture not being loaded</description>
            <posx>-10000</posx>
            <posy>-10000</posy>
            <width>1</width>
            <height>1</height>
            <texture>tvguide-program-red.png</texture>
        </control>
        <control type="image">
            <description>workaround for texture not being loaded</description>
            <posx>-10000</posx>
            <posy>-10000</posy>
            <width>1</width>
            <height>1</height>
            <texture>tvguide-program-now.png</texture>
        </control>
        <control type="image">
            <description>workaround for texture not being loaded</description>
            <posx>-10000</posx>
            <posy>-10000</posy>
            <width>1</width>
            <height>1</height>
            <texture>tvguide-program-red-focus.png</texture>
        </control>

		<control type="image" id="4600">
			<posx>0</posx>
			<posy>-170</posy>
			<width>1280</width>
			<height>720</height>
            <texture>main.jpeg</texture>
            <fadetime>500</fadetime>
            <animation type="Conditional" condition="Control.IsVisible(5000)">
                <effect type="fade" start="100" end="0" time="500" />
            </animation>
		</control>

            <control type="image" id="4023">
                <description>Program logo / Source logo</description>
                <posx>0</posx>
                <posy>-170</posy>
                <width>1280</width>
                <height>720</height>
                <aspectratio></aspectratio>
                <fadetime>500</fadetime>
<visible>true</visible>
               <texture></texture>
            </control>

        <control type="videowindow">
            <posx>0</posx>
            <posy>-170</posy>
            <width>1280</width>
            <height>720</height>
            <visible>!Control.IsVisible(5000)</visible>
        </control>

            <control type="image">
                <description>Program logo / Source logo</description>
                <posx>0</posx>
                <posy>-170</posy>
                <width>1280</width>
                <height>720</height>
                <aspectratio></aspectratio>
                <fadetime>500</fadetime>
<visible>true</visible>
               <texture>black-back_2.png</texture>
            </control>

            <control type="image">
                <description>Program logo / Source logo</description>
                <posx>0</posx>
                <posy>-170</posy>
                <width>1280</width>
                <height>720</height>
                <aspectratio></aspectratio>
                <fadetime>500</fadetime>
<visible>true</visible>
               <texture colordiffuse="ff0e597e">blue-back.png</texture>
            </control>


 

      <!-- glassbar -->
		<control type="image">
			<posx>0</posx>
			<posy>52.5</posy>
			<width>1280</width>
			<height>42</height>
            <texture>infobar.png</texture>
            <fadetime>500</fadetime>
            <animation type="Conditional" condition="Control.IsVisible(5000)">
                <effect type="fade" start="100" end="0" time="500" />
            </animation>
		</control>




               <control type="image" id="4100">
                    <posx>100</posx>
                    <posy>95</posy>
                    <width>-200</width>
                    <height>406</height>
                    <texture>tvguide-timebar.png</texture>
                    <animation type="Conditional" condition="Control.IsVisible(5000)">
                        <effect type="fade" start="100" end="0" time="300" />
                    </animation>
                    <animation effect="fade" start="100" end="0" time="300">WindowClose</animation>
                    <visible>Control.IsVisible(4200)</visible>
 
                </control>

    <!-- glassbar -->
		<control type="image">
			<posx>70</posx>
			<posy>95</posy>
			<width>255</width>
			<height>406</height>
            <texture>bg(1).png</texture>
            <fadetime>500</fadetime>
            <animation type="Conditional" condition="Control.IsVisible(5000)">
                <effect type="fade" start="100" end="0" time="500" />
            </animation>
		</control>

        <control type="image">
            <posx>0</posx>
            <posy>53</posy>
            <width>1280</width>
            <height>41</height>
            <texture>tvguide-program-grey.png</texture>
            <animation type="Conditional" condition="Control.IsVisible(5000)">
                <effect type="fade" start="100" end="0" time="500" />
            </animation>
        </control>

        <control type="image">
            <posx>0</posx>
            <posy>53</posy>
            <width>1280</width>
            <height>448</height>
            <texture>tvguide-</texture>
            <animation type="Conditional" condition="Control.IsVisible(5000)">
                <effect type="fade" start="100" end="0" time="500" />
            </animation>
        </control>

                <!--  category text backgrounds -->
                <control type="image">
                    <description>cat background</description>
                    <posx>0</posx>
                    <posy>53.5</posy>
                    <width>1280</width>
                    <height>40</height>
                    <aspectratio>stretch</aspectratio>
                    <visible></visible>
                    <align>center</align>
                    <aligny>center</aligny>
                    <texture>bg(2).png</texture>
                    <fadetime>500</fadetime>
                    <animation type="Conditional" condition="Control.IsVisible(5000)">
                        <effect type="fade" start="100" end="0" time="500" />
                    </animation>
                </control>
 
                <control type="image">
                    <description>cat background</description>
                    <posx>0</posx>
                    <posy>53.5</posy>
                    <width>1280</width>
                    <height>40</height>
                    <aspectratio>stretch</aspectratio>
                    <visible></visible>
                    <align>center</align>
                    <aligny>center</aligny>
                    <texture>tvguide-program-grey.png</texture>
                    <fadetime>500</fadetime>
                    <animation type="Conditional" condition="Control.IsVisible(5000)">
                        <effect type="fade" start="100" end="0" time="500" />
                    </animation>
                </control>


                <!--  category text backgrounds -->
                <control type="image">
                    <description>cat background</description>
                    <posx>0</posx>
                    <posy>500</posy>
                    <width>1280</width>
                    <height>50</height>
                    <aspectratio>stretch</aspectratio>
                    <visible></visible>
                    <align>center</align>
                    <aligny>center</aligny>
                    <texture>bg(2).png</texture>
                    <fadetime>500</fadetime>
                    <animation type="Conditional" condition="Control.IsVisible(5000)">
                        <effect type="fade" start="100" end="0" time="500" />
                    </animation>
                </control>
 
                <control type="image">
                    <description>cat background</description>
                    <posx>0</posx>
                    <posy>500</posy>
                    <width>1280</width>
                    <height>50</height>
                    <aspectratio>stretch</aspectratio>
                    <visible></visible>
                    <align>left</align>
                    <aligny>center</aligny>
                    <texture>tvguide-program-grey.png</texture>
                    <fadetime>500</fadetime>
                    <animation type="Conditional" condition="Control.IsVisible(5000)">
                        <effect type="fade" start="100" end="0" time="500" />
                    </animation>
                </control>
 

        <control type="label" id="6006">
            <description>Category text</description>
            <posx>69</posx>
            <posy>53</posy>
            <width>160</width>
            <height>41</height>
            <textcolor>ffffffff</textcolor> 
            <font>font13</font> 
            <align>center</align>
            <aligny>center</aligny>
            <animation type="Conditional" condition="Control.IsVisible(5000)">
                <effect type="fade" start="100" end="0" time="500" />
            </animation>
 
        </control>

<control type="label" id="5000">
            <description>visibility marker for TV Guide group</description>
        </control>

                <control type="label">
                    <description>Displays todays date</description>
                    <posx>1270</posx>
                    <posy>-169</posy>
                    <width>130</width>
                    <height>30</height>
                    <textcolor>ffffffff</textcolor>
                    <shadowcolor>black</shadowcolor>
                    <font>font13</font>
                    <align>right</align>
                    <aligny>center</aligny>
                    <visible>true</visible>
                    <label>[B]$INFO[System.Date(ddd  DD  mmm)][/B]</label>
                    <animation type="Conditional" condition="Control.IsVisible(5000)">
                        <effect type="fade" start="100" end="0" time="500" />
                </animation>
                </control> 


        <control type="group">
            <description>TV Guide group</description>
            <posx>0</posx>
            <posy>0</posy>
            <width>1280</width>
            <height>720</height>
            <visible>!Control.IsVisible(5000)</visible>

            <control type="button" id="5001">
                <description>marker for EPG data view - should be hidden!</description>
                <posx>326</posx>
                <posy>95</posy>
                <width>958</width>
                <height>414</height>
                <visible>false</visible>
            </control>


            <control type="image">
                <description>workaround for texture not being loaded</description>
                <posx>-10000</posx>
                <posy>-10000</posy>
                <width>1</width>
                <height>1</height>
                <visible>true</visible>
                <texture>tvguide-program-grey.png</texture>
            </control>

            <control type="image">
                <description>workaround for texture not being loaded</description>
                <posx>-10000</posx>
                <posy>-10000</posy>
                <width>1</width>
                <height>1</height>
                <visible>true</visible>
                <texture>tvguide-program-grey-focus.png</texture>
            </control>

        <control type="image">
            <description>workaround for texture not being loaded</description>
            <posx>-10000</posx>
            <posy>-10000</posy>
            <width>1</width>
            <height>1</height>
            <texture>tvguide-program-now.png</texture>
        </control>

			<control type="image">
                <description>iVue logo</description>
                <posx>1055</posx>
                <posy>-145</posy>
                <width>170</width>
                <height>170</height>
                <aspectratio>keep</aspectratio>
                <align> centre</align>
                <fadetime>500</fadetime>
                <texture>iVuetvguide-logo.png</texture>
 
            </control>



            <!-- Date and time row -->
            <control type="group">
                <posx>0</posx>
                <posy>10</posy>
                <width>1280</width>
                <height>50</height>
                <visible>true</visible>
				
			

                <control type="label" id="4000">
                    <description>date (short)</description>
                    <posx>990</posx>
                    <posy>-40</posy>
                    <width>130</width>
                    <height>100</height>
                    <textcolor>ffffffff</textcolor>
                    <font>font13</font>
					<align>left</align>
                    <aligny>center</aligny>

                   <visible>false</visible>
                </control>
				
				<control type="label" id="3999">
                    <description>date (long)</description>
                    <posx>250</posx>
                    <posy>-170</posy>
                    <width>500</width>
                    <height>30</height>
                    <textcolor>ffffffff</textcolor>
                    <font>font13</font>
					<align>center</align>
                    <aligny>left</aligny>

<visible>false</visible>
                </control>

				<control type="label">
                    <description>date (long)</description>
                    <posx>60</posx>
                    <posy>-180</posy>
                    <width>500</width>
                    <height>30</height>
                    <textcolor>ffffffff</textcolor>
                    <font>font13</font>
					<align>left</align>
                    <aligny>center</aligny>
					<label>[B]$INFO[Control.GetLabel(3999)][/B]</label>
<visible>true</visible>
                </control>
				
				<control type="label" id="3998">
                    <description>duration</description>
                    <posx>580</posx>
                    <posy>-120</posy>
                    <width>500</width>
                    <height>30</height>
                    <textcolor>ff007aa1</textcolor>
                    <font>font13</font>
					<align>left</align>
                    <aligny>center</aligny>
					<visible>false</visible>
                </control>

				<control type="label">
                    <description>duration</description>
                    <posx>580</posx>
                    <posy>-118</posy>
                    <width>500</width>
                    <height>30</height>
                    <textcolor>ffffffff</textcolor>
                    <font>font13</font>
					<label>[B]$INFO[Control.GetLabel(3998)][/B]</label>
					<align>left</align>
                    <aligny>center</aligny>
					<visible>true</visible>
                </control>


				<control type="image" id="3997">
                    <description>SD/hd</description>
                    <posx>1055</posx>
                    <posy>520</posy>
                    <width>124</width>
                    <height>35</height>
                    <aspectratio></aspectratio>
                    <visible>false</visible>
                    <animation effect="slide" start="0,0" end="62,0" condition="!Control.IsVisible(6007)">conditional</animation>
                </control>

            <control type="progress" id="3996">
                <posx>280</posx>
                <posy>-106</posy>
                <width>250</width>
                <height>9</height>
                 <lefttexture>progress_left.png</lefttexture>
                <righttexture>progress_right.png</righttexture>
                <texturebg  colordiffuse="">tvg-progress-bg.png</texturebg>
                <midtexture colordiffuse="">progress_middle.png</midtexture>
                <visible>Integer.IsGreater(Control.GetLabel(3996),0)</visible>

            </control>

			<control type="label">
                    <description>clock</description>
                    <posx>1050</posx>
                    <posy>-180</posy>
                    <width>100</width>
                    <height>30</height>
                    <textcolor>ffffffff</textcolor>
                    <font>font13</font>
					<align>left</align>
                    <aligny>center</aligny>
					<label>[B]$INFO[System.Time(hh:mm:xx)][/B]</label>
              </control>
				
				<control type="label">
                    <description>channels</description>
                    <posx>0</posx>
                    <posy>0</posy>
                    <width>180</width>
                    <height>100</height>
                    <textcolor>ffffffff</textcolor>
                    <font>font13</font>
					<align>center</align>
                    <aligny>center</aligny>
					<label></label>
                </control>
				
                <control type="label" id="4001">
                    <description>1st half hour column</description>
                    <posx>333</posx>
                    <posy>51</posy>
                    <width>270</width>
                    <height>30</height>
                    <textcolor>ffffffff</textcolor>
                    <font>font13</font>
                    <aligny>center</aligny>
                    <visible>false</visible>
                </control>
                <control type="label" id="4002">
                    <description>2nd half hour column</description>
                    <posx>583</posx>
                    <posy>51</posy>
                    <width>270</width>
                    <height>30</height>
                    <textcolor>ffffffff</textcolor>
                    <font>font13</font>
                    <aligny>center</aligny>
                    <visible>false</visible>
                </control>
                <control type="label" id="4003">
                    <description>3rd half hour column</description>
                    <posx>813</posx>
                    <posy>51</posy>
                    <width>270</width>
                    <height>30</height>
                    <textcolor>ffffffff</textcolor>
                    <font>font13</font>
                    <aligny>center</aligny>
                    <visible>false</visible>
                </control>
                <control type="label" id="4004">
                    <description>4th half hour column</description>
                    <posx>1044</posx>
                    <posy>51</posy>
                    <width>270</width>
                    <height>30</height>
                    <textcolor>ffffffff</textcolor>
                    <font>font13</font>
                    <aligny>center</aligny>
                    <visible>false</visible>
                </control> 

                <control type="label">
                    <description>1st half hour column bold</description>
                    <posx>333</posx>
                    <posy>51</posy>
                    <width>270</width>
                    <height>30</height>
                    <textcolor>ffffffff</textcolor>
                    <font>font13</font>
                    <aligny>center</aligny>
                    <label>[B]$INFO[Control.GetLabel(4001)][/B]</label>
                </control>
                <control type="label">
                    <description>2nd half hour column bold</description>
                    <posx>575</posx>
                    <posy>51</posy>
                    <width>270</width>
                    <height>30</height>
                    <textcolor>ffffffff</textcolor>
                    <font>font13</font>
                    <aligny>center</aligny>
                    <label>[B]$INFO[Control.GetLabel(4002)][/B]</label>
                </control>
                <control type="label">
                    <description>3rd half hour column bold</description>
                    <posx>813</posx>
                    <posy>51</posy>
                    <width>270</width>
                    <height>30</height>
                    <textcolor>ffffffff</textcolor>
                    <font>font13</font>
                    <aligny>center</aligny>
                    <label>[B]$INFO[Control.GetLabel(4003)][/B]</label>
                </control>
                <control type="label">
                    <description>4th half hour column bold</description>
                    <posx>1050</posx>
                    <posy>51</posy>
                    <width>270</width>
                    <height>30</height>
                    <textcolor>ffffffff</textcolor>
                    <font>font13</font>
                    <aligny>center</aligny>
                    <label>[B]$INFO[Control.GetLabel(4004)][/B]</label>
                </control> 
                
                <control type="image" id="40001">
                    <description>1st half hour column image</description>
                    <posx>210</posx>
                    <posy>0</posy>
                    <width>120</width>
                    <height>40</height>
                    <aligny>center</aligny>
                    <visible>false</visible>
                </control>

			<control type="image" id="40002">
                    <description>2nd half hour column image</description>
                    <posx>450</posx>
                    <posy>0</posy>
                    <width>120</width>
                    <height>40</height>
                    <aligny>center</aligny>
                    <visible>false</visible>
                </control>

			<control type="image" id="40003">
                    <description>3rd half hour column image</description>
                    <posx>685</posx>
                    <posy>0</posy>
                    <width>120</width>
                    <height>40</height>
                    <aligny>center</aligny>
                    <visible>false</visible>
                </control>

			<control type="image" id="40004">
                    <description>4th half hour column image </description>
                    <posx>925</posx>
                    <posy>0</posy>
                    <width>120</width>
                    <height>40</height>
                    <aligny>center</aligny>
                    <visible>false</visible>
                </control>


            </control>

            <!-- Channels column -->
            <control type="group">
                <posx>-10</posx>
                <posy>104</posy>
                <width>180</width>
                <height>400</height>
                <visible>true</visible>
 

                <!-- left bar backgrounds -->
                <control type="image" id="4210">
                    <description>1st channel</description>
                    <posx>10</posx>
                    <posy>-9</posy>
                    <width>67</width>
                    <height>49</height>
                    <aspectratio>stretch</aspectratio>
                    <visible>Control.IsVisible(4010)|Control.IsVisible(4110)</visible>
                    <align>center</align>
                    <aligny>center</aligny>
                    <texture>tvguide-program-grey.png</texture>
                </control>
                <control type="image" id="4211">
                    <description>2nd channel</description>
                    <posx>10</posx>

                    <posy>42</posy>
                    <width>67</width>
                    <height>49</height>
                    <aspectratio>stretch</aspectratio>
                    <visible>Control.IsVisible(4011)|Control.IsVisible(4111)</visible>
                    <align>center</align>
                    <aligny>center</aligny>
                    <texture>tvguide-program-grey.png</texture>
                </control>
                <control type="image" id="4212">
                    <description>3rd channel</description>
                    <posx>10</posx>
                    <posy>93</posy>
                    <width>67</width>
                    <height>49</height>
                    <aspectratio>stretch</aspectratio>
                    <visible>Control.IsVisible(4012)|Control.IsVisible(4112)</visible>
                    <align>center</align>
                    <aligny>center</aligny>
                    <texture>tvguide-program-grey.png</texture>
                </control>
                <control type="image" id="4213">
                    <description>4th channel</description>
                    <posx>10</posx>
                    <posy>144</posy>
                    <width>67</width>
                    <height>49</height>
                    <aspectratio>stretch</aspectratio>
                    <visible>Control.IsVisible(4013)|Control.IsVisible(4113)</visible>
                    <align>center</align>
                    <aligny>center</aligny>
                    <texture>tvguide-program-grey.png</texture>
                </control>







                <control type="image" id="4214">
                    <description>5th channel</description>
                    <posx>10</posx>
                    <posy>195</posy>
                    <width>67</width>
                    <height>49</height>




                    <aspectratio>stretch</aspectratio>
                    <visible>Control.IsVisible(4014)|Control.IsVisible(4114)</visible>
                    <align>center</align>
                    <aligny>center</aligny>
                    <texture>tvguide-program-grey.png</texture>
                </control>
                <control type="image" id="4215">
                    <description>6th channel</description>
                    <posx>10</posx>
                    <posy>246</posy>
                    <width>67</width>
                    <height>49</height>




                    <aspectratio>stretch</aspectratio>
                    <visible>Control.IsVisible(4015)|Control.IsVisible(4115)</visible>
                    <align>center</align>
                    <aligny>center</aligny>
                    <texture>tvguide-program-grey.png</texture>
                </control>
                <control type="image" id="4216">
                    <description>7th channel</description>
                    <posx>10</posx>
                    <posy>297</posy>
                    <width>67</width>
                    <height>49</height>
                    <aspectratio>stretch</aspectratio>
                    <visible>Control.IsVisible(4016)|Control.IsVisible(4116)</visible>
                    <align>center</align>
                    <aligny>center</aligny>
                    <texture>tvguide-program-grey.png</texture>
                </control>
                <control type="image" id="4217">
                    <description>8th channel</description>
                    <posx>10</posx>
                    <posy>348</posy>
                    <width>67</width>
                    <height>49</height>
                    <aspectratio>stretch</aspectratio>
                    <visible>Control.IsVisible(4017)|Control.IsVisible(4117)</visible>
                    <align>center</align>
                    <aligny>center</aligny>
                    <texture>tvguide-program-grey.png</texture>
                </control>


                <control type="image">
                    <description>1st channel</description>
                    <posx>165</posx>
                    <posy>-4</posy>
                    <width>2</width>
                    <height>39</height>
                    <texture>tvguide-program-grey.png</texture>
                </control>
                <control type="image">
                    <description>2nd channel</description>
                    <posx>165</posx>
                    <posy>47</posy>
                    <width>2</width>
                    <height>39</height>
                    <texture>tvguide-program-grey.png</texture>
                </control>
                <control type="image">
                    <description>3rd channel</description>
                    <posx>165</posx>
                    <posy>98</posy>
                    <width>2</width>
                    <height>39</height>
                    <texture>tvguide-program-grey.png</texture>
                </control>
                <control type="image">
                    <description>4th channel</description>
                    <posx>165</posx>
                    <posy>149</posy>
                    <width>2</width>
                    <height>39</height>
                    <texture>tvguide-program-grey.png</texture>
                </control>
                <control type="image">
                    <description>5th channel</description>
                    <posx>165</posx>
                    <posy>200</posy>
                    <width>2</width>
                    <height>39</height>
                    <texture>tvguide-program-grey.png</texture>
                </control>
                <control type="image">
                    <description>6th channel</description>
                    <posx>165</posx>
                    <posy>251</posy>
                    <width>2</width>
                    <height>39</height>
                    <texture>tvguide-program-grey.png</texture>
                </control>
                <control type="image">
                    <description>7th channel</description>
                    <posx>165</posx>
                    <posy>302</posy>
                    <width>2</width>
                    <height>39</height>
                    <texture>tvguide-program-grey.png</texture>
                </control>
                <control type="image">
                    <description>8th channel</description>
                    <posx>165</posx>
                    <posy>353</posy>
                    <width>2</width>
                    <height>39</height>
                    <texture>tvguide-program-grey.png</texture>
                </control>

                <!--  channel text-logo backgrounds -->
                <control type="image" id="4210">
                    <description>1st channel</description>
                    <posx>80</posx>
                    <posy>-9</posy>
                    <width>255</width>
                    <height>49</height>
                    <aspectratio>stretch</aspectratio>
                    <visible>Control.IsVisible(4010)|Control.IsVisible(4110)</visible>
                    <align>center</align>
                    <aligny>center</aligny>
                    <texture>tvguide-program-grey.png</texture>
                </control>
                <control type="image" id="4211">
                    <description>2nd channel</description>
                    <posx>80</posx>
                    <posy>42</posy>
                    <width>255</width>
                    <height>49</height>
                    <aspectratio>stretch</aspectratio>
                    <visible>Control.IsVisible(4011)|Control.IsVisible(4111)</visible>
                    <align>center</align>
                    <aligny>center</aligny>
                    <texture>tvguide-program-grey.png</texture>
                </control>
                <control type="image" id="4212">
                    <description>3rd channel</description>
                    <posx>80</posx>
                    <posy>93</posy>
                    <width>255</width>
                    <height>49</height>
                    <aspectratio>stretch</aspectratio>
                    <visible>Control.IsVisible(4012)|Control.IsVisible(4112)</visible>
                    <align>center</align>
                    <aligny>center</aligny>
                    <texture>tvguide-program-grey.png</texture>
                </control>
                <control type="image" id="4213">
                    <description>4th channel</description>
                    <posx>80</posx>
                    <posy>144</posy>
                    <width>255</width>
                    <height>49</height>
                    <aspectratio>stretch</aspectratio>
                    <visible>Control.IsVisible(4013)|Control.IsVisible(4113)</visible>
                    <align>center</align>
                    <aligny>center</aligny>
                    <texture>tvguide-program-grey.png</texture>
                </control>
                <control type="image" id="4214">
                    <description>5th channel</description>
                    <posx>80</posx>
                    <posy>195</posy>
                    <width>255</width>
                    <height>49</height>




                    <aspectratio>stretch</aspectratio>
                    <visible>Control.IsVisible(4014)|Control.IsVisible(4114)</visible>
                    <align>center</align>
                    <aligny>center</aligny>
                    <texture>tvguide-program-grey.png</texture>
                </control>
                <control type="image" id="4215">
                    <description>6th channel</description>
                    <posx>80</posx>
                    <posy>246</posy>
                    <width>255</width>
                    <height>49</height>



                    <aspectratio>stretch</aspectratio>
                    <visible>Control.IsVisible(4015)|Control.IsVisible(4115)</visible>
                    <align>center</align>
                    <aligny>center</aligny>
                    <texture>tvguide-program-grey.png</texture>
                </control>
                <control type="image" id="4216">
                    <description>7th channel</description>
                    <posx>80</posx>
                    <posy>297</posy>
                    <width>255</width>
                    <height>49</height>
                    <aspectratio>stretch</aspectratio>
                    <visible>Control.IsVisible(4016)|Control.IsVisible(4116)</visible>
                    <align>center</align>
                    <aligny>center</aligny>
                    <texture>tvguide-program-grey.png</texture>
                </control>
                <control type="image" id="4217">
                    <description>8th channel</description>
                    <posx>80</posx>
                    <posy>348</posy>
                    <width>255</width>
                    <height>48.5</height>
                    <aspectratio>stretch</aspectratio>
                    <visible>Control.IsVisible(4017)|Control.IsVisible(4117)</visible>
                    <align>center</align>
                    <aligny>center</aligny>
                    <texture>tvguide-program-grey.png</texture>
                </control>


                <!-- channel number labels -->
                <control type="label" id="40100">
                    <description>1st channel</description>
                    <posx>10</posx>
                    <posy>-9</posy>
                    <width>67</width>
                    <height>49</height>
                    <textcolor>ffffffff</textcolor>
                    <font>font13</font>
                    <align>center</align>
                    <aligny>center</aligny>
                </control>
                <control type="label" id="40101">
                    <description>2nd channel</description>
                    <posx>10</posx>
                    <posy>41</posy>
                    <width>67</width>
                    <height>49</height>
                    <textcolor>ffffffff</textcolor>
                    <font>font13</font>
                    <align>center</align>
                    <aligny>center</aligny>
                </control>
                <control type="label" id="40102">
                    <description>3rd channel</description>
                    <posx>10</posx>
                    <posy>93</posy>
                    <width>67</width>
                    <height>49</height>
                    <textcolor>ffffffff</textcolor>
                    <font>font13</font>
                    <align>center</align>
                    <aligny>center</aligny>
                </control>
                <control type="label" id="40103">
                    <description>4th channel</description>
                    <posx>10</posx>
                    <posy>144</posy>
                    <width>67</width>
                    <height>49</height>
                    <textcolor>ffffffff</textcolor>
                    <font>font13</font>
                    <align>center</align>
                    <aligny>center</aligny>
                </control>
                <control type="label" id="40104">
                    <description>5th channel</description>
                    <posx>10</posx>
                    <posy>195</posy>
                    <width>67</width>
                    <height>49</height>
                    <textcolor>ffffffff</textcolor>
                    <font>font13</font>
                    <align>center</align>
                    <aligny>center</aligny>
                </control>
                <control type="label" id="40105">
                    <description>6th channel</description>
                    <posx>10</posx>
                    <posy>245</posy>
                    <width>67</width>
                    <height>49</height>
                    <textcolor>ffffffff</textcolor>
                    <font>font13</font>
                    <align>center</align>
                    <aligny>center</aligny>
                </control>
                <control type="label" id="40106">
                    <description>7th channel</description>
                    <posx>10</posx>
                    <posy>296</posy>
                    <width>67</width>
                    <height>49</height>
                    <textcolor>ffffffff</textcolor>
                    <font>font13</font>
                    <align>center</align>
                    <aligny>center</aligny>
                </control>
                <control type="label" id="40107">
                    <description>8th channel</description>
                    <posx>10</posx>
                    <posy>348</posy>
                    <width>67</width>
                    <height>49</height>
                    <textcolor>ffffffff</textcolor>
                    <font>font13</font>
                    <align>center</align>
                    <aligny>center</aligny>
                </control>

                <!-- text labels -->
                <control type="label" id="4010">
                    <description>1st channel</description>
                    <posx>175</posx>
                    <posy>-9</posy>
                    <width>140</width>
                    <height>49</height>
                    <textcolor>ffffffff</textcolor>
                    <font>font13</font>
                    <align>left</align>
                    <aligny>center</aligny>
<scroll time="3600" delay="6000" repeat="6000">true</scroll>
                    <visible>true</visible>
					<texturenofocus></texturenofocus>
                </control>
                <control type="label" id="4011">
                    <description>2nd channel</description>
                    <posx>175</posx>
                    <posy>41</posy>
                    <width>140</width>
                    <height>49</height>
                    <textcolor>ffffffff</textcolor>
                    <font>font13</font>
                    <align>left</align>

                    <aligny>center</aligny>

  <scroll time="3600" delay="6000" repeat="6000">true</scroll>
                <visible>true</visible>
                </control>
                <control type="label" id="4012">

                    <description>3rd channel</description>
                    <posx>175</posx>
                    <posy>93</posy>
                    <width>140</width>
                    <height>49</height>
                    <textcolor>ffffffff</textcolor>
                    <font>font13</font>
                    <align>left</align>
                    <aligny>center</aligny>
   <scroll time="3600" delay="6000" repeat="6000">true</scroll>
                 <visible>true</visible>


                </control>
                <control type="label" id="4013">
                    <description>4th channel</description>
                    <posx>175</posx>
                    <posy>144</posy>
                    <width>140</width>
                    <height>49</height>
                    <textcolor>ffffffff</textcolor>
                    <font>font13</font>
                    <align>left</align>
                    <aligny>center</aligny>
    <scroll time="3600" delay="6000" repeat="6000">true</scroll>
                <visible>true</visible>
                </control>
                <control type="label" id="4014">
                    <description>5th channel</description>
                    <posx>175</posx>
                    <posy>195</posy>
                    <width>140</width>
                    <height>49</height>
                    <textcolor>ffffffff</textcolor>
                    <font>font13</font>
                    <align>left</align>
                    <aligny>center</aligny>
    <scroll time="3600" delay="6000" repeat="6000">true</scroll>
                <visible>true</visible>
                </control>
                <control type="label" id="4015">
                    <description>6th channel</description>
                    <posx>175</posx>
                    <posy>245</posy>
                    <width>140</width>
                    <height>49</height>
                    <textcolor>ffffffff</textcolor>
                    <font>font13</font>
                    <align>left</align>
                    <aligny>center</aligny>
   <scroll time="3600" delay="6000" repeat="6000">true</scroll>
                 <visible>true</visible>
                </control>
                <control type="label" id="4016">




                    <description>7th channel</description>
                    <posx>175</posx>
                    <posy>296</posy>
                    <width>140</width>
                    <height>49</height>
                    <textcolor>ffffffff</textcolor>
                    <font>font13</font>
                    <align>left</align>
                    <aligny>center</aligny>
     <scroll time="3600" delay="6000" repeat="6000">true</scroll>
               <visible>true</visible>
                </control>
                <control type="label" id="4017">
                    <description>8th channel</description>
                    <posx>175</posx>
                    <posy>348</posy>
                    <width>140</width>
                    <height>49</height>
                    <textcolor>ffffffff</textcolor>
                    <font>font13</font>
                    <align>left</align>
                    <aligny>center</aligny>
     <scroll time="3600" delay="6000" repeat="6000">true</scroll>
               <visible>true</visible>
                </control>
                <control type="label" id="4018">
                    <description>9th channel</description>
                    <posx>340</posx>
                    <posy>405</posy>
                    <width>160</width>
                    <height>60</height>
                    <textcolor>ffffffff</textcolor>
                    <font>font13</font>
                    <align>left</align>
                    <aligny>center</aligny>
      <scroll time="3600" delay="6000" repeat="6000">true</scroll>
              <visible>String.IsEqual(Control.GetLabel(4118),)</visible>
                </control>

                <!-- logo images -->
                <control type="image" id="4110">
                    <description>1st channel</description>
                    <posx>93</posx>
                    <posy>-2</posy>
                    <width>55</width>
                    <height>35</height>
                    <aspectratio>keep</aspectratio>
<aligny>center</aligny>
                    <visible>!String.IsEqual(Control.GetLabel(4110),)</visible>
                </control>
                <control type="image" id="4111">
                    <description>2nd channel</description>
                    <posx>93</posx>
                    <posy>48</posy>
                    <width>55</width>
                    <height>35</height>
                    <aspectratio>keep</aspectratio>
<aligny>center</aligny>
                    <visible>!String.IsEqual(Control.GetLabel(4111),)</visible>
                </control>
                <control type="image" id="4112">
                    <description>3rd channel</description>
                    <posx>93</posx>
                    <posy>100</posy>
                    <width>55</width>
                    <height>35</height>
                    <aspectratio>keep</aspectratio>
<aligny>center</aligny>
                    <visible>!String.IsEqual(Control.GetLabel(4112),)</visible>
                </control>
                <control type="image" id="4113">
                    <description>4th channel</description>
                    <posx>93</posx>
                    <posy>151</posy>
                    <width>55</width>
                    <height>35</height>
                    <aspectratio>keep</aspectratio>
<aligny>center</aligny>

                    <visible>!String.IsEqual(Control.GetLabel(4113),)</visible>
                </control>
                <control type="image" id="4114">
                    <description>5th channel</description>
                    <posx>93</posx>
                    <posy>202</posy>
                     <width>55</width>
                    <height>35</height>
                    <aspectratio>keep</aspectratio>
<aligny>center</aligny>
                    <visible>!String.IsEqual(Control.GetLabel(4114),)</visible>
                </control>
                <control type="image" id="4115">
                    <description>6th channel</description>
                    <posx>93</posx>
                    <posy>252</posy>
                    <width>55</width>
                    <height>35</height>
                    <aspectratio>keep</aspectratio>
<aligny>center</aligny>
                    <visible>!String.IsEqual(Control.GetLabel(4115),)</visible>
                </control>
                <control type="image" id="4116">
                    <description>7th channel</description>
                    <posx>93</posx>
                    <posy>303</posy>
                     <width>55</width>
                    <height>35</height>
                    <aspectratio>keep</aspectratio>
<aligny>center</aligny>
                    <visible>!String.IsEqual(Control.GetLabel(4116),)</visible>
                </control>
                <control type="image" id="4117">
                    <description>8th channel</description>
                    <posx>93</posx>
                    <posy>355</posy>
                     <width>55</width>
                    <height>35</height>
                    <aspectratio>keep</aspectratio>
<aligny>center</aligny>
                    <visible>!String.IsEqual(Control.GetLabel(4117),)</visible>
                </control>
            </control>



 
            <control type="label" id="4021">
                <description>Program time</description>
                <posx>60</posx>
                <posy>-110</posy>
                <width>250</width>
                <height>30</height>
                <textcolor>ffffffff</textcolor>
                <font>font13</font>
                <aligny>center</aligny>
            </control>
 
            <control type="label" id="4020">
                <posx>60</posx>
                <posy>-140</posy>
                <description>Program title</description>
                <width>500</width>
                <height>30</height>
                <textcolor>ff54BFEC</textcolor>
                <font>font13</font>
                <scroll time="3600" delay="6000" repeat="6000">true</scroll>
                <aligny>center</aligny>
            </control>
            <control type="image" id="4024">
                <description>Channel logo</description>
                <posx>230</posx>
                <posy>-169</posy>
                <width>80</width>
                <height>40</height>
                <aspectratio>keep</aspectratio>
                <fadetime>500</fadetime>
                <visible>false</visible><!-- unused in default skin -->
            </control>
            <control type="textbox" id="4022">
                <description>Program description</description>
                <posx>60</posx>
                <posy>-70</posy>
                <width>950</width>
                <height>100</height>
                <textcolor>ffffffff</textcolor>
                <font>font13</font>
                <wrapmultiline>true</wrapmultiline>
                <autoscroll time="3600" delay="6000" repeat="6000">true</autoscroll>
                <visible>true</visible>
            </control>
            
            <control type="label" id="4025">
                <description>Channel name</description>
                <posx>225</posx>
                <posy>-205</posy>
                <width>280</width>
                <height>25</height>
                <textcolor>ffffffff</textcolor>
                <shadowcolor>black</shadowcolor>
                <font>font12</font>
                <align>left</align>
                <visible>false</visible>
                <scroll>true</scroll>
            </control>
            <control type="label" id="4026">
                <description>Program Genre</description>
                <posx>555</posx>
                <posy>-205</posy>
                <width>280</width>
                <height>25</height>
                <textcolor>ffffffff</textcolor>
                <shadowcolor>black</shadowcolor>
                <font>ivuefont12</font>
                <align>left</align>
                <visible>false</visible>
                <scroll>true</scroll>
            </control>

            
			
            <control type="label" id="4200">
                <description>visibility marker for loading group</description>
            </control>
            <control type="group">
                <posx>130</posx>
                <posy>100</posy>
                <width>600</width>
                <height>55</height>
                <visible>!Control.IsVisible(4200)</visible>
                <animation effect="fade" start="0" end="100" time="250" delay="1500">Visible</animation>

                <control type="image">
                    <description>loading splash</description>
                    <posx>200</posx>
                    <posy>50</posy>
                    <width>55</width>
                    <height>55</height>
                    <texture>1.gif</texture>
                </control>
                <control type="label">
                    <description>loading splash</description>
                    <posx>270</posx>
                    <posy>50</posy>
                    <width>600</width>
                    <height>55</height>
                    <label>$ADDON[script.ivueguide 30001]</label>
                    <textcolor>ffffffff</textcolor>
                    <font>font15</font>
                    <aligny>center</aligny>
                </control>
                <control type="progress" id="4201">
                    <posx>270</posx>
                    <posy>100</posy>
                    <width>580</width>
                    <height>2</height>
                    <texturebg />
                    <lefttexture />
                    <midtexture>tvguide-white-progress.png</midtexture>
                    <righttexture />
                </control>
                <control type="label" id="4202">
                    <description>loading time left</description>
                    <posx>270</posx>
                    <posy>100</posy>
                    <width>600</width>
                    <height>50</height>
                    <label>...</label>
                    <textcolor>ffffffff</textcolor>
                    <font>font13</font>
                    <aligny>center</aligny>
                </control>
                <control type="button" id="4203">
                    <posx>270</posx>
                    <posy>150</posy>
                    <width>150</width>
                    <height>50</height>
                    <label>$ADDON[script.ivueguide 30008]</label>
                    <textcolor>ffffffff</textcolor>
                    <font>font13</font>
                    <aligny>center</aligny>
                    <align>center</align>
                    <texturefocus>tvguide-program-grey-focus.png</texturefocus>
                    <texturenofocus>tvguide-program-grey.png</texturenofocus>
                </control>
            </control>

            <control type="image" id="6007">
                <description>Plugin Icon</description>
                <posx>5</posx>
                <posy>56</posy>
                <width>58</width>
                <height>36</height>
                <aspectratio></aspectratio>
                <animation type="Conditional" condition="Control.IsVisible(5000)">
                    <effect type="fade" start="100" end="0" time="500" />
                </animation>
            </control>
            <control type="label" id="6008">
                <description>Plugin Name</description>
                <posx>65</posx>
                <posy>0</posy>
                <width>500</width>
                <height>50</height>
                <textcolor>ffffffff</textcolor>
                <font>font13</font>
                <aligny>top</aligny>
                <animation type="Conditional" condition="Control.IsVisible(5000)">
                    <effect type="fade" start="100" end="0" time="500" />
                </animation>
                <visible>false</visible>
            </control>

         <control type="label" id="4300">
                <description>visibility marker for mouse control group</description>
                <posx>0</posx>
                <posy>0</posy>
                <width>50</width>
                <height>50</height>
            </control>
 
                <control type="image">
                    <posx>0</posx>
                    <posy>0</posy>
                    <width>1280</width>
                    <height>70</height>
                    <texture></texture>
                </control>
                <control type="image">
                    <posx>0</posx>
                    <posy>0</posy>
                    <width>1280</width>
                    <height>70</height>
                    <texture></texture>
                </control>
                

                <control type="button" id="4301">
                    <description>navigate to now</description>
                    <posx>250</posx>
                    <posy>515</posy>
                    <width>135</width>
                    <height>20</height>
                    <label></label>
                <label>$ADDON[script.ivueguide 30006]</label>
                    <textcolor></textcolor>
                    <font>font13</font>
                    <aligny>center</aligny>
                    <align>center</align>
                    <texturefocus>touch_now_focus.png</texturefocus>

			        <texturenofocus>touch_now.png</texturenofocus>
                </control>
                <control type="button" id="4307">
                    <description>categories</description>
                    <posx>650</posx>
                    <posy>515</posy>
                    <width>120</width>
                    <height>22</height>
                    <textcolor></textcolor>
                    <font>font13</font>
                    <label></label>
                    <aligny>center</aligny>
                    <align>center</align>
                    <texturefocus>cat_focus.png</texturefocus>
		    <texturenofocus>cat.png</texturenofocus>
                </control>

                <control type="button" id="4302">
                    <description>navigate left</description>
                    <posx>830</posx>
                    <posy>515</posy>
                    <width>28</width>
                    <height>22</height>
                    <textcolor></textcolor>
                    <font>font13</font>
                    <label></label>
                    <aligny>center</aligny>
                    <align>center</align>
                     <texturefocus>left_focus.png</texturefocus>
                    <texturenofocus>left.png</texturenofocus>
                <visible>true</visible>
                </control>
                   <control type="button" id="4305">
                    <description>navigate right</description>
                    <posx>862</posx>
                    <posy>515</posy>
                    <width>150</width>
                    <height>21.5</height>
                    <textcolor></textcolor>
                    <font>font13</font>
                    <label></label>
                    <aligny>center</aligny>
                    <align>center</align>
                     <texturefocus>right_focus.png</texturefocus>
                    <texturenofocus>right.png</texturenofocus>
                <visible>true</visible>
                </control>

            <!-- Custom Stop -->
            <control type="button" id="30510">
                <description>Stop button</description>
                <posx>60</posx>
                <posy>515</posy>
                <width>130</width>
                <height>20</height>
                <label></label>
                <font></font>
                <onclick>stop</onclick>                
                <texturefocus>stop_focus.png</texturefocus>
                <texturenofocus>stop.png</texturenofocus>
                <visible>true</visible>
            </control>


                <control type="button" id="4303">
                    <description>navigate up</description>
                    <posx>1055</posx>
                    <posy>515</posy>
                    <width>28</width>
                    <height>22</height>
                    <textcolor></textcolor>
                    <font>font13</font>
                    <label></label>
                    <aligny>center</aligny>
                    <align>center</align>
                     <texturefocus>up_focus.png</texturefocus>
                    <texturenofocus>up.png</texturenofocus>
                <visible>true</visible>
                </control>

                <control type="button" id="4304">
                    <description>navigate down</description>
                    <posx>1087</posx>
                    <posy>515</posy>
                    <width>160</width>
                    <height>21.5</height>
                    <textcolor></textcolor>
                    <font>font13</font>
                    <label></label>
                    <aligny>center</aligny>




                    <align>center</align>
                     <texturefocus>down_focus.png</texturefocus>
                    <texturenofocus>down.png</texturenofocus>
                <visible>true</visible>
 
                </control>
                
                <control type="button" id="4306">
                    <description>exit</description>
                    <posx>445</posx>
                    <posy>515</posy>
                    <width>143</width>

                    <height>21</height>
                    <textcolor></textcolor>
                    <font>font13</font>
                    <label></label>
                    <aligny>center</aligny>
                    <align>center</align>
                    <texturefocus>touch_close_focus.png</texturefocus>
                    <texturenofocus>touch_close.png</texturenofocus>
                </control>

                <control type="button" id="4306">
                    <description>exit</description>
                    <posx></posx>
                    <posy></posy>
                    <width></width>
                    <height></height>
                    <textcolor></textcolor>
                    <font></font>
                    <label></label>
                    <aligny>center</aligny>
                    <align>center</align>
                    <texturefocus>tvguide-program-grey-focus.png</texturefocus>
                    <texturenofocus>tvguide-program-grey.png</texturenofocus>
                    <visible>false</visible> 
                </control>
				    <control type="button" id="1">
                    <description>movies</description>
                    <posx>900</posx>
                    <posy>500</posy>
                    <width>60</width>
                    <height>18</height>
                    <textcolor></textcolor>
                    <font>font13</font>
                    <label></label>
                    <aligny>center</aligny>
                    <align>center</align>
                    <texturefocus>touch_movies-focus.png</texturefocus>
                    <texturenofocus>touch_movies.png</texturenofocus>
					<onclick>RunScript(script.extendedinfo,info=list,type=movie)</onclick>
                <visible>false</visible>
 
                </control>
				    <control type="button" id="2">
                    <description>tv shows</description>
                    <posx>1003</posx>
                    <posy>-131</posy>c
                    <width>80</width>
                    <height>18</height>
                    <textcolor></textcolor>
                    <font>font13</font>
                    <label></label>
                    <aligny>center</aligny>
                    <align>center</align>
                    <texturefocus>touch_tv-shows-focus.png</texturefocus>
                    <texturenofocus>touch_tv-shows.png</texturenofocus>
					<onclick>RunScript(script.extendedinfo,info=list,type=tv)</onclick>
                <visible>false</visible>
                </control>
				    <control type="button" id="4">
                    <description>my otttv</description>
                    <posx>1120</posx>
                    <posy>-131</posy>
                    <width>80</width>
                    <height>18</height>
                    <textcolor></textcolor>
                    <font>font13</font>
                    <label></label>
                    <aligny>center</aligny>
                    <align>center</align>
                    <texturefocus>touch_my-ott-tv-focus.png</texturefocus>
                    <texturenofocus>touch_my-ott-tv.png</texturenofocus>
					<onclick>ActivateWindow(VideoLibrary,"plugin://plugin.video.ottalpha",return)</onclick>
                <visible>false</visible>
                </control>


        </control><!-- id="5000" -->

        <control type="videowindow">
            <posx>0</posx>
            <posy>-170</posy>
            <width>1280</width>
            <height>720</height>
            <visible>Control.IsVisible(5000)</visible>
        </control>

<!-- OSD -->
        <control type="label" id="6000">
            <description>visibility marker for OSD Info bar</description>
        </control>
        <control type="group">
            <description>OSD Info bar</description>
            <posx>0</posx>
            <posy>200</posy>
            <width>1280</width>
            <height>400</height>
            <visible>!Control.IsVisible(6000)</visible>
            <animation effect="fade" start="0" end="100" time="300">true</animation>
            <control type="image">
                <posx>0</posx>
                <posy>100</posy>
                <width>1280</width>
                <height>720</height>
                <texture>main.jpeg</texture>
            </control>
            

            <control type="image">
                <description>Program logo / Source logo</description>
                <posx>0</posx>
                <posy>100</posy>
                <width>1280</width>
                <height>720</height>
                <aspectratio></aspectratio>
                <fadetime>500</fadetime>
<visible>true</visible>
               <texture>black-back_2.png</texture>
            </control>

            <control type="image">
                <description>Program logo / Source logo</description>
                <posx>0</posx>
                <posy>100</posy>
                <width>1280</width>
                <height>720</height>
                <aspectratio></aspectratio>
                <fadetime>500</fadetime>
<visible>true</visible>
               <texture colordiffuse="ff0e597e">blue-back.png</texture>
            </control>
            <control type="image" id="6016">
                <description>Program channel logo</description>
                <posx>15</posx>
                <posy>110</posy>
                <width>210</width>
                <height>110</height>
                <aspectratio>false</aspectratio>
                <visible>true</visible>
            </control>            


            <control type="image" id="6020">
                <posx>145</posx>
                <posy>247</posy>
                <width>75</width>
                <height>16</height>
            </control>

            <control type="image" id="6021">
                <posx>655</posx>
                <posy>243</posy>
                <width>75</width>
                <height>20</height>
            </control>


            <control type="image">
                <posx>0</posx>
                <posy>270</posy>
                <width>1280</width>
                <height>50</height>
                <texture>bg(2).png</texture>
            </control>

            <control type="image">
                <posx>140</posx>
                <posy>270</posy>
                <width>500</width>
                <height>50</height>
                <texture>tvguide-program-grey-focus.png</texture>
                <visible>!Integer.IsGreater(Control.GetLabel(6013),0)</visible>
            </control>

			<control type="label">
                <description>Displays todays date</description>
                <posx>1255</posx>
                <posy>225</posy>
                <width>165</width>
                <height>20</height>
                <textcolor>ffffffff</textcolor>
                <font>font12</font>
                <align>right</align>
                <aligny>center</aligny>
                <visible>true</visible>
                <label>[B]$INFO[System.Time(hh:mm:xx)][/B]</label>
            </control> 

			<control type="label">
                <description>Displays todays date</description>
                <posx>1255</posx>
                <posy>245</posy>
                <width>165</width>
                <height>20</height>
                <textcolor>grey</textcolor>
                <font>font12</font>
                <align>right</align>
                <aligny>center</aligny>

                <visible>true</visible>
                <label>$INFO[System.Date(DDD D MMM)]</label>
            </control> 



            <!-- Program description -->


            <control type="textbox" id="6003">
                <description>Program description</description>
                <posx>255</posx>
                <posy>110</posy>
                <width>980</width>
                <height>110</height>
                <label>Description</label>
                <textcolor>ffffffff</textcolor>
                <font>font13</font>
                <wrapmultiline>true</wrapmultiline>
                <visible>true</visible>

                <autoscroll time="3600" delay="6000" repeat="6000">true</autoscroll>
            </control>

            <control type="textbox" id="6022">
                <description> Next Program description</description>
                <posx>655</posx>
                <posy>130</posy>
                <width>610</width>
                <height>100</height>
                <label>Description</label>
                <textcolor>ffffffff</textcolor>
                <font>font13</font>
                <wrapmultiline>true</wrapmultiline>
                <visible>false</visible>

                <autoscroll time="3600" delay="6000" repeat="6000">true</autoscroll>
            </control>

            <control type="image" id="6004">
                <description>Program channel logo</description>
                <posx>12</posx>
                <posy>272</posy>
                <width>115</width>
                <height>46</height>
                <aspectratio>false</aspectratio>
                <visible>true</visible>
            </control>

            <control type="label" id="6005">
                <description>Program channel text</description>
                <posx>0</posx>
                <posy>75</posy>
                <width>1280</width>
                <height>30</height>
                <textcolor>FFFFFFFF</textcolor>
                <font>font13</font>
                <align>center</align>

                <visible>false</visible>
            </control>



            <control type="image">
                <posx>155</posx>
                <posy>55</posy>
                <width>15</width>
                <height>10</height>
                <texture>osd_up.pg</texture>
            </control>

            <control type="image">

                <posx>155</posx>
                <posy>115</posy>
                <width>15</width>
                <height>10</height>
                <texture>osd_down.pg</texture>
            </control>

            <control type="image">

                <posx>1230</posx>
                <posy>275</posy>
                <width>40</width>
                <height>40</height>
                <texture>osd_right.png</texture>
            </control>            



			<control type="progress" id="6013">
                <posx>140</posx>
                <posy>270</posy>
                <width>500</width>
                <height>50</height>
                <lefttexture></lefttexture>
                <righttexture colordiffuse=></righttexture>
                <texturebg  colordiffuse="">tvguide-program-grey-osd.png</texturebg>
                <midtexture colordiffuse="">tvguide-program-grey-focus.png</midtexture>
				<visible>true</visible>
                <visible>Integer.IsGreater(Control.GetLabel(6013),0)</visible>
            </control>


            <control type="label" id="6002">
                <description>Program time</description>
                <posx>150</posx>
                <posy>270</posy>
                <width>70</width>
                <height>50</height>
                <label></label>
                <textcolor>ffffffff</textcolor>
                <font>font13</font>
                <align>left</align>
                <aligny>center</aligny>
				<visible>true</visible>
            </control>

            <control type="label" id="6001">
                <description>Program title</description>
                <posx>220</posx>
                <posy>270</posy>
                <width>360</width>
                <height>50</height>
                <label>[B]No Data[/B]</label>
                <textcolor>ffffffff</textcolor>
                <font>font13</font>
                <aligny>center</aligny>
				    <visible>true</visible>
				
            </control>


            <control type="label" id="6009">
                <description>Previous Program title</description>
                <posx>600</posx>
                <posy>2.5</posy>
                <width>390</width>
                <height>30</height>
                <label>[B]Title[/B]</label>
                <textcolor>ffffffff</textcolor>
                <font>font13</font>
                <aligny>center</aligny>
                <visible>false</visible>
            </control>

            <control type="label" id="6010">
                <description>Next Program title</description>
                <posx>725</posx>
                <posy>270</posy>
                <width>500</width>
                <height>50</height>
                <label></label>
                <textcolor>ffffffff</textcolor>
                <font>font13</font>
                <visible>true</visible>
                <aligny>center</aligny>
            </control>

            <control type="label" id="6011">
                <description>Previous Program time</description>
                <posx>405</posx>
                <posy>2.5</posy>
                <width>220</width>
                <height>30</height>
                <label>[B]18:00 - 20:00[/B]</label>
                <textcolor>ffffffff</textcolor>
                <font>font13</font>
                <align>left</align>
                <aligny>center</aligny>
                <visible>false</visible>
            </control>

            <control type="label" id="6012">
                <description>Next Program time</description>
                <posx>655</posx>
                <posy>270</posy>
                <width>70</width>
                <height>50</height>
                <label></label>
                <textcolor>ff54BFEC</textcolor>
                <font>font13</font>
                <align>left</align>
                <aligny>center</aligny>
                <visible>true</visible>
            </control>

				<control type="label" id="6015">
                <description>duration</description>
                <posx>910</posx>
                <posy>20</posy>
                <width>150</width>
                <height>100</height>
                <textcolor>ffffffff</textcolor>
                <font>font13</font>
                <align>right</align>
                <aligny>center</aligny>

                <visible>false</visible>
           </control>

            <control type="image" id="6019">
                <description>Program channel logo</description>
                <posx>1090</posx>
                <posy>39</posy>
                <width>180</width>
                <height>100</height>
                <aspectratio>false</aspectratio>
                <visible>false</visible>
            </control>



            <control type="image" id="6017">
                <description>Plugin Icon</description>
                <posx>1200</posx>
                <posy>150</posy>
                <width>60</width>
                <height>31</height>
                <aspectratio></aspectratio>
                <visible>false</visible>
            </control>
            <control type="label" id="6018">
                <description>Plugin Name</description>
                <posx>65</posx>
                <posy>-120</posy>
                <width>500</width>
                <height>50</height>
                <textcolor>ff007aa1</textcolor>
                <font>font13</font>
                <aligny>top</aligny>
                <visible>false</visible>
            </control>

        </control>
	</controls>
</window>
