<favourites>
	<favourite name="ABXplore" thumb="C:\Users\borne arcade\Desktop\icones tv 500x500\ab xplore.png">PlayMedia(&quot;plugin://plugin.video.vavooto/?name=AB+EXPLORE&amp;sf_options=winID%3D10025%26meta%3Dvotes%253D0%2526title%253DAB%252BEXPLORE%2526label%253DAB%252BEXPLORE%26_options_sf&quot;)</favourite>
	<favourite name="Canal Savoir" thumb="special://home/userdata/addon_data/plugin.program.super.favourites/icones tv/canal savoir.png">PlayMedia(&quot;plugin://plugin.video.vavooto/?name=CANAL+SAVOIR&amp;sf_options=winID%3D10025%26meta%3Dvotes%253D0%2526title%253DCANAL%252BSAVOIR%2526label%253DCANAL%252BSAVOIR%26_options_sf&quot;)</favourite>
	<favourite name="Discovery Channel" thumb="special://home/userdata/addon_data/plugin.program.super.favourites/icones tv/discovery.png">PlayMedia(&quot;plugin://plugin.video.vavooto/?name=DISCOVERY&amp;sf_options=winID%3D10025%26meta%3Dvotes%253D0%2526title%253DDISCOVERY%2526label%253DDISCOVERY%26_options_sf&quot;)</favourite>
	<favourite name="NatGeoWild" thumb="special://home/userdata/addon_data/plugin.program.super.favourites/icones tv/nat geo wild.png">PlayMedia(&quot;plugin://plugin.video.vavooto/?name=NAT+GEO+WILD&amp;sf_options=winID%3D10025%26meta%3Dvotes%253D0%2526title%253DNAT%252BGEO%252BWILD%2526label%253DNAT%252BGEO%252BWILD%26_options_sf&quot;)</favourite>
	<favourite name="National Geographic" thumb="special://home/userdata/addon_data/plugin.program.super.favourites/icones tv/national geographic .png">PlayMedia(&quot;plugin://plugin.video.vavooto/?name=NATIONAL+GEOGRAPHIC&amp;sf_options=winID%3D10025%26meta%3Dvotes%253D0%2526title%253DNATIONAL%252BGEOGRAPHIC%2526label%253DNATIONAL%252BGEOGRAPHIC%26_options_sf&quot;)</favourite>
	<favourite name="Planete+" thumb="special://home/userdata/addon_data/plugin.program.super.favourites/icones tv/planet tv.png">PlayMedia(&quot;plugin://plugin.video.vavooto/?name=PLANET&amp;sf_options=winID%3D10025%26meta%3Dvotes%253D0%2526title%253DPLANET%2526label%253DPLANET%26_options_sf&quot;)</favourite>
	<favourite name="RMC Découverte" thumb="special://home/userdata/addon_data/plugin.program.super.favourites/icones tv/tnt/rmc decouverte.png">PlayMedia(&quot;plugin://plugin.video.vavooto/?name=RMC+DECOUVERTE&amp;sf_options=winID%3D10025%26meta%3Dvotes%253D0%2526title%253DRMC%252BDECOUVERTE%2526label%253DRMC%252BDECOUVERTE%26_options_sf&quot;)</favourite>
	<favourite name="Science &amp; Vie TV" thumb="special://home/userdata/addon_data/plugin.program.super.favourites/icones tv/science et vie tv.png">PlayMedia(&quot;plugin://plugin.video.vavooto/?name=SCIENCE+%26+VIE&amp;sf_options=winID%3D10025%26meta%3Dvotes%253D0%2526title%253DSCIENCE%252B%252526%252BVIE%2526label%253DSCIENCE%252B%252526%252BVIE%26_options_sf&quot;)</favourite>
	<favourite name="Ushuaia TV" thumb="special://home/userdata/addon_data/plugin.program.super.favourites/icones tv/ushuaia tv.png">PlayMedia(&quot;plugin://plugin.video.vavooto/?name=USHUAIA&amp;sf_options=winID%3D10025%26meta%3Dvotes%253D0%2526title%253DUSHUAIA%2526label%253DUSHUAIA%26_options_sf&quot;)</favourite>
</favourites>